번호,사업명,발주기관,수요기관,예산액,예산(만원),예산(억),발주시기,계약방법,업종,재량여부,지역,담당자,연락처
R26DD20667016,"2026년 당진시(합덕,순성) 지방도 배수시설 정비공사",충청남도 건설본부 건설사업부 북부사무소,충청남도,49330000,4933,0.49,2026-02-25 11:25:27,수의계약,기타,소액수의,충청남도,박준열,041-635-7415
R26DD20667381,2026년 MTV 녹지대 관리공사(4구역),경기도 안산시 단원구,경기도,59000000,5900,0.59,2026-02-25 14:32:30,수의계약,기타,재량계약,경기도,최윤나 주무관,031-481-6416
R26DD20667380,흥덕구 노후 보안등 LED 교체공사,충청북도 청주시 흥덕구,충청북도,99575000,9958,1.0,2026-02-25 14:31:08,수의계약,기타,재량계약,충청북도,홍명기,043-201-7355
R26DD20667378,유구읍 동해리(660-3)수해복구공사,충청남도 공주시,충청남도,38600000,3860,0.39,2026-02-25 14:30:28,수의계약,기타,소액수의,충청남도,이상원,041-840-7612
R26DD20667368,2026년 간판이 아름다운거리 조성사업,경기도 연천군,경기도,130196000,13020,1.3,2026-02-25 14:28:43,일반경쟁,기타,재량계약,경기도,장준호,031-839-2403
R26DD20667361,여수정보과학고등학교 통학로 외부 계단(데크) 보수공사,전라남도교육청 여수정보과학고등학교,전라남도교육청,179205000,17920,1.79,2026-02-25 14:26:04,수의계약,기타,재량계약,전라남도,박경희,061-650-6211
R26DD20666894,"첨단3지구 공공폐수처리시설(1,2단계) 설치사업 정보통신공사조",전라남도 장성군,전라남도,45450000,4545,0.45,2026-02-25 10:24:12,수의계약,정보통신공사,소액수의,전라남도,정난옥,061-390-8547
R26DD20666422,대덕읍 산정마을 용수로 철거 및 설치공사,전라남도 장흥군,전라남도,45970000,4597,0.46,2026-02-24 22:29:17,수의계약,기타,소액수의,전라남도,임재연,061-860-6154
R26DD20666387,소하천(승지물천) 정비사업,충청남도 예산군,충청남도,98030000,9803,0.98,2026-02-24 21:08:19,수의계약,토목공사,재량계약,충청남도,한만범,041-339-7773
R26DD20666381,2026년 도시숲 수목 생육환경개선 단가공사,경기도 평택시,경기도,55000000,5500,0.55,2026-02-24 20:57:05,수의계약,조경공사,재량계약,경기도,이해원,031-8024-4217
R26DD20666362,장흥 연산 배수로 수해복구공사,전라남도 장흥군,전라남도,34680000,3468,0.35,2026-02-24 20:30:39,수의계약,기타,소액수의,전라남도,임재연,061-860-6154
R26DD20666347,2026년 두동 공한지 녹지 정비사업,울산광역시 울주군,울산광역시,113000000,11300,1.13,2026-02-24 20:13:50,수의계약,기타,재량계약,울산광역시,박상미,052-204-1744
R26DD20667323,사곡면 고당리(197-4) 돌망태 설치공사,충청남도 공주시,충청남도,32400000,3240,0.32,2026-02-25 14:15:02,수의계약,기타,소액수의,충청남도,이상원,041-840-7612
R26DD20666322,회진 덕산지구 기계화 경작로 확포장공사,전라남도 장흥군,전라남도,84780000,8478,0.85,2026-02-24 19:56:51,수의계약,토목공사,재량계약,전라남도,최준환,061-860-6151
R26DD20666297,온양 내고산마을 석축공사,울산광역시 울주군,울산광역시,77000000,7700,0.77,2026-02-24 19:33:55,수의계약,기타,재량계약,울산광역시,정승익,052-204-1555
R26DD20666258,감포 팔조리 음지마을 안길 정비공사,경상북도 경주시,경상북도,86300000,8630,0.86,2026-02-24 18:50:18,수의계약,기타,재량계약,경상북도,최재혁,054-779-6401
R26DD20667225,맨발길 조성사업(오산산들근린공원 외 1),경기도 양주시,경기도,102395000,10240,1.02,2026-02-25 13:42:39,수의계약,기타,재량계약,경기도,정찬호,031-8082-7311
R26DD20667200,하성면 가금리 604 일원 배수로 정비공사,경기도 김포시,경기도,191995000,19200,1.92,2026-02-25 13:38:28,수의계약,기타,재량계약,경기도,오병관,031-980-2431
R26DD20667193,2026년 가로수 전정 및 관리사업(초동면 범평리 일원),경상남도 밀양시,경상남도,42130000,4213,0.42,2026-02-25 13:37:35,수의계약,기타,소액수의,경상남도,엄영식,055-359-5146
R26DD20666228,선산출장소 주차장 정비공사,경상북도 구미시,경상북도,126900000,12690,1.27,2026-02-24 18:24:59,수의계약,기타,재량계약,경상북도,김재현,054-480-5733
R26DD20666185,청도읍연곡천재해복구사업,경상북도 청도군,경상북도,119000000,11900,1.19,2026-02-24 18:01:06,수의계약,기타,재량계약,경상북도,전승목,054-370-2332
R26DD20666174,영인면 역1리 호우피해 복구공사,충청남도 아산시,충청남도,50000000,5000,0.5,2026-02-24 17:54:57,수의계약,기타,소액수의,충청남도,김상윤,041-540-2568
R26DD20667186,화서 상현리 세천정비공사,경상북도 상주시,경상북도,157300000,15730,1.57,2026-02-25 13:36:38,수의계약,기타,재량계약,경상북도,채종규,054-537-6132
R26DD20667079,정안면 산성리(111-2)마을안길 포장공사,충청남도 공주시,충청남도,42600000,4260,0.43,2026-02-25 12:18:19,수의계약,토목공사,소액수의,충청남도,오윤정,041-840-7613
R26DD20666581,목리1저류지 퇴적토 정비 공사,지방자치단체조합 충남혁신도시관리본부,충청남도,44790000,4479,0.45,2026-02-25 09:00:46,수의계약,기타,소액수의,충청남도,이선영,041-634-0143
R26DD20666094,크리에이티브 허브 공간 방수공사,경상남도 통영시,경상남도,65374040,6537,0.65,2026-02-24 17:24:18,수의계약,기타,재량계약,경상남도,옥치훈,055-650-4513
R26DD20666087,증평수질개선사업소 호기조 터보송풍기 수선,충청북도 증평군 수도사업소,충청북도,20692000,2069,0.21,2026-02-24 17:19:00,수의계약,기타,소액수의,충청북도,권오승,043-835-4093
R26DD20666075,2025년 사곡면 유룡리(733-6) 용수골천 소하천 재해복구사업,충청남도 공주시,충청남도,172000000,17200,1.72,2026-02-24 17:13:07,수의계약,토목공사,재량계약,충청남도,전영희,041-840-7623
R26DD20666055,자란도 소규모어항시설(방파제) 연장사업,경상남도 고성군,경상남도,116600000,11660,1.17,2026-02-24 17:08:15,수의계약,기타,재량계약,경상남도,배기철,055-670-4674
R26DD20667066,2026년 산림사업의 관리업무대행 조림사업(산림재해방지림),거창군산림조합,거창군산림조합,24848000,2485,0.25,2026-02-25 11:45:27,수의계약,기타,소액수의,경상남도,송현민,055-944-7531
R26DD20667065,2026년 산림사업의 관리업무대행 조림사업(내화수림대),거창군산림조합,거창군산림조합,19612000,1961,0.2,2026-02-25 11:45:27,수의계약,기타,소액수의,경상남도,송현민,055-944-7531
R26DD20667064,2026년 산림사업의 관리업무대행 조림사업(큰나무공익),거창군산림조합,거창군산림조합,33084000,3308,0.33,2026-02-25 11:45:26,수의계약,기타,소액수의,경상남도,송현민,055-944-7531
R26DD20667063,2026년 산림사업의 관리업무대행 조림사업(북상위천지구),거창군산림조합,거창군산림조합,87045000,8704,0.87,2026-02-25 11:45:26,수의계약,기타,재량계약,경상남도,송현민,055-944-7531
R26DD20667062,2026년 산림사업의 관리업무대행 조림사업(북상소정지구),거창군산림조합,거창군산림조합,69338000,6934,0.69,2026-02-25 11:45:26,수의계약,기타,재량계약,경상남도,송현민,055-944-7531
R26DD20667061,2026년 산림사업의 관리업무대행 조림사업(고제개명지구),거창군산림조합,거창군산림조합,84091000,8409,0.84,2026-02-25 11:45:26,수의계약,기타,재량계약,경상남도,송현민,055-944-7531
R26DD20667060,2026년 산림사업의 관리업무대행 조림사업(고제궁항지구),거창군산림조합,거창군산림조합,73823000,7382,0.74,2026-02-25 11:45:26,수의계약,기타,재량계약,경상남도,송현민,055-944-7531
R26DD20667059,2026년 산림사업의 관리업무대행 조림사업(고제봉산지구),거창군산림조합,거창군산림조합,70173000,7017,0.7,2026-02-25 11:45:26,수의계약,기타,재량계약,경상남도,송현민,055-944-7531
R26DD20667058,2026년 산림사업의 관리업무대행 조림사업(주상외지구),거창군산림조합,거창군산림조합,90486000,9049,0.9,2026-02-25 11:45:26,수의계약,기타,재량계약,경상남도,송현민,055-944-7531
R26DD20667057,2026년 산림사업의 관리업무대행 조림사업(가조지구),거창군산림조합,거창군산림조합,69808000,6981,0.7,2026-02-25 11:45:26,수의계약,기타,재량계약,경상남도,송현민,055-944-7531
R26DD20667056,2026년 산림사업의 관리업무대행 조림사업(가북지구),거창군산림조합,거창군산림조합,86730000,8673,0.87,2026-02-25 11:45:26,수의계약,기타,재량계약,경상남도,송현민,055-944-7531
R26DD20667055,2026년 산림사업의 관리업무대행 조림사업(가북외지구),거창군산림조합,거창군산림조합,60338000,6034,0.6,2026-02-25 11:45:26,수의계약,기타,재량계약,경상남도,송현민,055-944-7531
R26DD20667047,"2026년 상반기 소나무재선충병 방제사업(나무주사, 기번2)",산림청 동부지방산림청 삼척국유림관리소,산림청,74688000,7469,0.75,2026-02-25 11:35:18,지명경쟁,기타,재량계약,강원특별자치도,유남식,033-570-5226
R26DD20665941,2026년 차선유지관리공사 단가계약(3권역),광주광역시 광산구,광주광역시,99023000,9902,0.99,2026-02-24 16:35:18,제한경쟁,기타,재량계약,광주광역시,김예림,062-960-8633
R26DD20665871,영등포구청(5)역 등 2개소 전기실 기계설비 개량공사,서울교통공사,서울특별시,68714800,6871,0.69,2026-02-24 16:10:35,제한경쟁,전기공사,재량계약,서울특별시,서혁진,02-6110-5784
R26DD20667022,망정소하천 하상정비공사,경상북도 칠곡군,경상북도,45000000,4500,0.45,2026-02-25 11:27:58,수의계약,토목공사,소액수의,경상북도,박민광,054-979-6794
R26DD20667011,"2026년 당진시(송악,송산) 지방도 배수시설 정비공사",충청남도 건설본부 건설사업부 북부사무소,충청남도,91000000,9100,0.91,2026-02-25 11:23:34,수의계약,기타,재량계약,충청남도,박준열,041-635-7415
R26DD20666998,갈산동 화물차 공영차고지 조성사업 성토공사 ,경기도 이천시,경기도,53085617,5309,0.53,2026-02-25 11:19:55,수의계약,기타,재량계약,경기도,이수아,031-644-2296
R26DD20666996,2026년 태화강국가정원 계절정원 제초관리 사업,울산광역시,울산광역시,156966000,15697,1.57,2026-02-25 11:19:29,수의계약,기타,재량계약,울산광역시,장용운,052-229-7577
R26DD20666971,북면 오곡1리 수해복구공사,충청남도 천안시,충청남도,99530600,9953,1.0,2026-02-25 11:07:43,수의계약,기타,재량계약,충청남도,이상곤,041-521-5492
R26DD20665825,군도2호선(냉정리 563-6~918-1번지 일원) 보행자도로 정비공사,인천광역시 강화군,인천광역시,147180000,14718,1.47,2026-02-24 15:54:14,수의계약,토목공사,재량계약,인천광역시,도로교통시설팀,032-930-3738
R26DD20665824,소각로 및 부대시설 세정 공사,대구공공시설관리공단 성서사업처,대구광역시,134200000,13420,1.34,2026-02-24 15:53:57,일반경쟁,기타,재량계약,대구광역시,이성수,053-605-8403
R26DD20665817,2026년 김포 문수산성 경관조명 설치공사,경기도 김포시,경기도,120407790,12041,1.2,2026-02-24 15:51:45,수의계약,전기공사,재량계약,경기도,조진희,031-980-2114
R26DD20665801,2026년 신규 소화전 설치공사(남부),경기도 평택시 상하수도사업소,경기도,104370000,10437,1.04,2026-02-24 15:45:00,수의계약,소방공사,재량계약,경기도,유신,031-8024-5163
R26DD20665726,2026년 부천시 하수시설물 준설공사(단가1차),경기도 부천시,경기도,96585000,9658,0.97,2026-02-24 15:12:58,수의계약,기타,재량계약,경기도,김범수,032-625-4974
R26DD20666945,안양면 고당마을 배수로 설치공사,전라남도 장흥군,전라남도,35000000,3500,0.35,2026-02-25 10:52:36,수의계약,기타,소액수의,전라남도,임재연,061-860-6154
R26DD20666907,2026년 상반기 도시숲(2권역) 연중관리 공사,경기도 의왕시,경기도,69949000,6995,0.7,2026-02-25 10:27:48,수의계약,기타,재량계약,경기도,유세리,031-345-3833
R26DD20666873,2026년 계류보전 사업,울산광역시 동구,울산광역시,166309000,16631,1.66,2026-02-25 10:15:05,수의계약,기타,재량계약,울산광역시,서인호,052-209-3764
R26DD20666855,운정호수공원 노후산책로 정비공사,경기도 파주시,경기도,171460000,17146,1.71,2026-02-25 10:08:28,수의계약,기타,재량계약,경기도,우용희,031-940-4986
R26DD20666854,2026년 소나무재선충병 방제사업(예방나무주사),산림청 북부지방산림청 인제국유림관리소,산림청,24621000,2462,0.25,2026-02-25 10:08:10,수의계약,기타,소액수의,강원특별자치도,김남호,033-460-8023
R26DD20666700,2026년 청원구 노후 가로·보안등 LED 교체 공사,충청북도 청주시 청원구,충청북도,198610000,19861,1.99,2026-02-25 09:45:23,수의계약,기타,재량계약,충청북도,이민석,043-201-8355
R26DD20666670,금빛도서관 동화구연실 조성 공사,충청북도 청주시 도서관평생학습본부,충청북도,9280000,928,0.09,2026-02-25 09:33:16,수의계약,기타,소액수의,충청북도,박민희,043-201-4053
R26DD20666603,야미도 어촌뉴딜300사업(토목) 전기공사,한국농어촌공사 전북지역본부 군산지사,한국농어촌공사,139067000,13907,1.39,2026-02-25 09:11:09,수의계약,전기공사,재량계약,전북특별자치도,박은미,063-440-5915
R26DD20666424,유치면 관동지구 배수로 정비사업,전라남도 장흥군,전라남도,36720000,3672,0.37,2026-02-24 22:50:43,수의계약,기타,소액수의,전라남도,임재연,061-860-6154
R26DD20666417,부산면 금자리 배수로 정비공사,전라남도 장흥군,전라남도,45000000,4500,0.45,2026-02-24 22:09:52,수의계약,기타,소액수의,전라남도,임재연,061-860-6154
R26DD20666405,진평동 인동20길 일원 도로정비공사,경상북도 구미시,경상북도,176180000,17618,1.76,2026-02-24 21:44:35,수의계약,토목공사,재량계약,경상북도,강민준,054-480-5485
R26DD20667408,장흥 월평 배수로 수해복구공사,전라남도 장흥군,전라남도,34970000,3497,0.35,2026-02-25 14:39:33,수의계약,기타,소액수의,전라남도,임재연,061-860-6154
R26DD20666723,2026년 관광시설물 유지보수 공사(연간단가계약),울산광역시 북구,울산광역시,75350000,7535,0.75,2026-02-25 09:52:53,수의계약,기타,재량계약,울산광역시,정희수,052-241-7743
R26DD20666223,무을면 무이리 세천정비공사,경상북도 구미시,경상북도,99950000,9995,1.0,2026-02-24 18:18:53,수의계약,기타,재량계약,경상북도,김재현,054-480-5733
R26DD20666209,무을면 오가3리 마을안길 개선공사,경상북도 구미시,경상북도,34540000,3454,0.35,2026-02-24 18:10:38,수의계약,기타,소액수의,경상북도,김재현,054-480-5733
R26DD20666110,2026년 관내 하천 자전거 및 보행자도로 정비공사(연간단가),서울특별시 송파구,서울특별시,151200000,15120,1.51,2026-02-24 17:32:09,제한경쟁,토목공사,재량계약,서울특별시,이혜영,02-2147-2483
R26DD20666100,효령면 장기1리 압실보 용수로 개체공사,대구광역시 군위군,대구광역시,109900000,10990,1.1,2026-02-24 17:26:12,수의계약,기타,재량계약,대구광역시,장용진,054-380-6372
R26DD20665906,서원구청 LED 실내조명등 교체 공사,충청북도 청주시 서원구,충청북도,20731240,2073,0.21,2026-02-24 16:25:52,수의계약,전기공사,소액수의,충청북도,허문원,043-201-6045
R26DD20665867,사이클로 감속기 교체,(주)리뉴시스템,(주)리뉴시스템,80400000,8040,0.8,2026-02-24 16:09:03,일반경쟁,기타,재량계약,경기도,정지웅,02-414-0700
R26DD20665805,여성 친화도시 조성을 위한 보안등 LED 교체공사,충청북도 청주시 서원구,충청북도,56979000,5698,0.57,2026-02-24 15:46:58,수의계약,기타,재량계약,충청북도,이유찬,043-201-6042
R26DD20665715,2026년 용연수질개선사업소 조경관리공사,울산광역시,울산광역시,128370000,12837,1.28,2026-02-24 15:07:04,수의계약,조경공사,재량계약,울산광역시,성창섭,052-229-5942
R26DD20666305,두동 구미리(93-2) 뒷골지저수지 구거정비공사,울산광역시 울주군,울산광역시,48290000,4829,0.48,2026-02-24 19:42:34,수의계약,기타,소액수의,울산광역시,김희정,052-204-1553
R26DD20666294,안양 풍암지구 기계화 경작로 확포장공사,전라남도 장흥군,전라남도,30000000,3000,0.3,2026-02-24 19:32:02,수의계약,토목공사,소액수의,전라남도,최준환,061-860-6151
R26DD20666253,창평초 다목적강당 지붕누수 보수공사,전라남도교육청 전라남도담양교육지원청,전라남도교육청,51865000,5186,0.52,2026-02-24 18:45:15,수의계약,기타,재량계약,전라남도,김광식,061-380-8161
R26DD20665652,2026년 진도군 슬레이트 지붕해체 철거공사(1권역),사단법인 수생태보전협의회,사단법인 수생태보전협의회,174664730,17466,1.75,2026-02-24 14:50:44,수의계약,기타,재량계약,전라남도,한승완,062-674-9150
R26DD20665649,2026년 운정호수공원 잔디생육개선 연간단가 공사,경기도 파주시,경기도,77600000,7760,0.78,2026-02-24 14:49:50,수의계약,기타,재량계약,경기도,박현준,031-940-8710
R26DD20667411,흥남해수욕장 공중화장실 신축 전기공사,경상남도 거제시,경상남도,59480580,5948,0.59,2026-02-25 14:40:45,수의계약,전기공사,재량계약,경상남도,김효인,055-639-3526
R26DD20667198,2026년 가로수 전정 및 관리사업(하남읍 수산리 일원),경상남도 밀양시,경상남도,61710000,6171,0.62,2026-02-25 13:38:12,수의계약,기타,재량계약,경상남도,엄영식,055-359-5146
R26DD20667178,북문 남적동 옹벽 설치공사,경상북도 상주시,경상북도,138550000,13855,1.39,2026-02-25 13:34:00,수의계약,기타,재량계약,경상북도,채종규,054-537-6132
R26DD20667165,문장대 야영장 내 편의시설 확충 전기공사,경상북도 상주시,경상북도,53944000,5394,0.54,2026-02-25 13:31:30,수의계약,전기공사,재량계약,경상북도,채종규,054-537-6132
R26DD20667153,공검 화동리 아스콘 덧씌우기공사,경상북도 상주시,경상북도,65870000,6587,0.66,2026-02-25 13:29:49,수의계약,기타,재량계약,경상북도,채종규,054-537-6132
R26DD20667044,통영지점 전체 레이아웃 통신공사,중소기업은행,중소기업은행,42900000,4290,0.43,2026-02-25 11:32:19,지명경쟁,정보통신공사,소액수의,경상남도,오예나,02-729-7458
R26DD20667005,2026년 도로변 환경정비 공사(단가계약),부산광역시 금정구,부산광역시,50000000,5000,0.5,2026-02-25 11:22:13,수의계약,토목공사,소액수의,부산광역시,박소현,051-519-4637
R26DD20667003,[당진]지방도647호 대호지지구 배수시설 정비공사,충청남도 건설본부 건설사업부 북부사무소,충청남도,116390000,11639,1.16,2026-02-25 11:21:16,수의계약,기타,재량계약,충청남도,박준열,041-635-7415
R26DD20667333,황남 배동 관정 분기관 긴급설치공사 시행,경상북도 경주시 황남동,경상북도,936000,94,0.01,2026-02-25 14:16:03,수의계약,기타,소액수의,경상북도,박보령,054-779-8397
R26DD20667241,범서 척과 1178 구거정비공사,울산광역시 울주군,울산광역시,99130000,9913,0.99,2026-02-25 13:50:09,수의계약,기타,재량계약,울산광역시,박진형,052-204-1552
R26DD20667223,성산면 위촌리 116 일원 농로포장 정비공사,강원특별자치도 강릉시 농업기술센터,강원특별자치도,59400000,5940,0.59,2026-02-25 13:41:30,수의계약,토목공사,재량계약,강원특별자치도,김소현,033-640-5293
R26DD20666798,본관동 3층 환경개선 통신공사,한국원자력연구원,한국원자력연구원,56947000,5695,0.57,2026-02-25 09:58:07,제한경쟁,정보통신공사,재량계약,대전광역시,김도경,042-866-6101
R26DD20666797,2026년 상반기 소나무재선충병 방제사업(홍천-3),산림청 북부지방산림청 홍천국유림관리소,산림청,130489000,13049,1.3,2026-02-25 09:58:04,지명경쟁,기타,재량계약,강원특별자치도,권창호,033-439-5520
R26DD20666969,2026년 상반기 소나무재선충병 방제사업(제1차),산림청 북부지방산림청 춘천국유림관리소,산림청,129255000,12926,1.29,2026-02-25 11:06:55,지명경쟁,기타,재량계약,강원특별자치도,김민수,033-240-9930
R26DD20666956,몽촌토성 발굴현장 내 위험수목 정비공사,한성백제박물관,서울특별시,7570000,757,0.08,2026-02-25 10:58:26,수의계약,조경공사,소액수의,서울특별시,이지혜,02-2152-5842
R26DD20666950,남지도시계획도로 중로1-6호(남지고등학교 옆) 가각정비공사,경상남도 창녕군,경상남도,64200000,6420,0.64,2026-02-25 10:56:15,수의계약,토목공사,재량계약,경상남도,이문희,055-530-1883
R26DD20666789,장흥 연산1구지구 흙수로 구조물화사업,전라남도 장흥군,전라남도,58660000,5866,0.59,2026-02-25 09:55:11,수의계약,기타,재량계약,전라남도,임재연,061-860-6154
R26DD20666611,2026년 상반기 소나무재선충병 방제사업(원주),산림청 북부지방산림청 홍천국유림관리소,산림청,48099000,4810,0.48,2026-02-25 09:13:10,지명경쟁,기타,소액수의,강원특별자치도,권창오,033-439-5520
R26DD20666575,세내교 보수보강공사,전북특별자치도 전주시 완산구,전북특별자치도,172849000,17285,1.73,2026-02-25 08:58:23,수의계약,기타,재량계약,전북특별자치도,배종휘,063-220-5487
R26DD20666551,2026년 상반기 소나무재선충병 방제사업(횡성),산림청 북부지방산림청 홍천국유림관리소,산림청,71131000,7113,0.71,2026-02-25 08:41:43,지명경쟁,기타,재량계약,강원특별자치도,김소연,033-439-5515
R26DD20667309,호계면 우로리(252-1)  소교량 설치공사 ,경상북도 문경시 호계면,경상북도,92030000,9203,0.92,2026-02-25 14:12:20,수의계약,토목공사,재량계약,경상북도,변미정,054-550-8646
R26DD20667304,2026년 강화군 블록정비공사(연간단가),인천광역시 상수도사업본부,인천광역시,199991000,19999,2.0,2026-02-25 14:10:32,수의계약,기타,재량계약,인천광역시,한대동,032-720-2093
R26DD20666912,길곡면 노후 보안등 보수공사,경상남도 창녕군,경상남도,63179900,6318,0.63,2026-02-25 10:29:28,수의계약,기타,재량계약,경상남도,김대희,055-530-1784
R26DD20666904,화정로260번길 일원 외 4개소 도로정비공사,광주광역시 남구,광주광역시,78230000,7823,0.78,2026-02-25 10:26:11,수의계약,토목공사,재량계약,광주광역시,박장훈,062-607-4023
R26DD20666232,옥성면 초곡리 423번지 일원 농로 확장공사,경상북도 구미시,경상북도,93140000,9314,0.93,2026-02-24 18:28:08,수의계약,기타,재량계약,경상북도,김재현,054-480-5733
R26DD20666212,옥성면 산촌리 마을안길 정비공사 ,경상북도 구미시,경상북도,42700000,4270,0.43,2026-02-24 18:11:48,수의계약,기타,소액수의,경상북도,김재현,054-480-5733
R26DD20666120,신풍면 조평리(267-2) 수해복구공사,충청남도 공주시,충청남도,96400000,9640,0.96,2026-02-24 17:33:56,수의계약,기타,재량계약,충청남도,이상원,041-840-7612
R26DD20667073,광역권역별 친환경 농업도시 충전 인프라 조성사업(1권역)구축공사,채비(주),,144057577,14406,1.44,2026-02-25 12:09:10,일반경쟁,기타,재량계약,경기도,강동협,***********
R26DD20666393,달전리 배수로 및 도로 정비공사,세종특별자치시,세종특별자치시,115840000,11584,1.16,2026-02-24 21:11:39,수의계약,토목공사,재량계약,,박세윤,044-300-5233
R26DD20666386,부용리 도로 및 배수로 정비,세종특별자치시,세종특별자치시,115580000,11558,1.16,2026-02-24 21:07:43,수의계약,토목공사,재량계약,,박세윤,044-300-5233
R26DD20666384,2026 대술면 이티리 세천정비공사(수해복구),충청남도 예산군,충청남도,50557000,5056,0.51,2026-02-24 21:00:24,수의계약,기타,재량계약,충청남도,김지훈,041-339-7687
R26DD20666378,장동면 조양1구 용수로 정비사업,전라남도 장흥군,전라남도,44430000,4443,0.44,2026-02-24 20:52:13,수의계약,기타,소액수의,전라남도,임재연,061-860-6154
R26DD20666341,범서 구영 중촌마을 구거정비공사 ,울산광역시 울주군,울산광역시,64750000,6475,0.65,2026-02-24 20:07:58,수의계약,기타,재량계약,울산광역시,박진형,052-204-1552
R26DD20666636,2026년 안산읍성 및 관아지 잔디관리공사,경기도 안산시,경기도,62380000,6238,0.62,2026-02-25 09:22:33,수의계약,기타,재량계약,경기도,심민석,031-481-3437
R26DD20666425,장흥 평장지구 흙수로 구조물화사업,전라남도 장흥군,전라남도,41800000,4180,0.42,2026-02-24 23:11:30,수의계약,기타,소액수의,전라남도,임재연,061-860-6154
R26DD20665826,소각로 내화물 보수공사,대구공공시설관리공단 성서사업처,대구광역시,152900000,15290,1.53,2026-02-24 15:55:03,일반경쟁,기타,재량계약,대구광역시,이성수,053-605-8403
R26DD20667010,사랑의집 에덴 간이스프링쿨러 설치 소방공사,사랑의집 에덴,사랑의집 에덴,33600000,3360,0.34,2026-02-25 11:23:02,수의계약,소방공사,소액수의,충청남도,김동원,041-531-8696
R26DD20666383,2026 고덕면 호음1리 마을안길 및 세천 정비공사(수해복구),충청남도 예산군,충청남도,128882000,12888,1.29,2026-02-24 20:59:51,수의계약,기타,재량계약,충청남도,김지훈,041-339-7687
R26DD20666252,내남 용장1리 신평들 용배수로 정비공사,경상북도 경주시,경상북도,92310000,9231,0.92,2026-02-24 18:43:51,수의계약,기타,재량계약,경상북도,김도정,054-779-6413
R26DD20666107,효령면 불로리 새보들 용배수로 정비공사,대구광역시 군위군,대구광역시,199000000,19900,1.99,2026-02-24 17:30:23,수의계약,기타,재량계약,대구광역시,장용진,054-380-6372
R26DD20666103,2026년 노면표시 정비 공사(연간단가),서울특별시 마포구,서울특별시,149649790,14965,1.5,2026-02-24 17:26:33,제한경쟁,기타,재량계약,서울특별시,김태성,02-3153-9644
R26DD20666069,토진리 504-4번지 일원 배수로 정비공사,경기도 평택시,경기도,117100000,11710,1.17,2026-02-24 17:12:10,수의계약,기타,재량계약,경기도,김민규,031-8024-3661
R26DD20666001,속초시민약국 앞 가속차로 설치공사(전기),강원특별자치도 속초시,강원특별자치도,45809000,4581,0.46,2026-02-24 16:55:06,수의계약,전기공사,소액수의,강원특별자치도,김상유,033-639-2487
R26DD20667345,2026년 공원 녹지 수목 수형조절 공사,인천광역시 연수구,인천광역시,154875000,15488,1.55,2026-02-25 14:21:04,수의계약,조경공사,재량계약,인천광역시,이선아,032-749-8692
R26DD20665938,2026년 차선유지관리공사 단가계약(2권역),광주광역시 광산구,광주광역시,99023000,9902,0.99,2026-02-24 16:34:40,제한경쟁,기타,재량계약,광주광역시,김예림,062-960-8633
R26DD20665936,2026년 차선유지관리공사 단가계약(1권역),광주광역시 광산구,광주광역시,89992000,8999,0.9,2026-02-24 16:33:57,제한경쟁,기타,재량계약,광주광역시,김예림,062-960-8633
R26DD20665926,연산면 청동리 인도 보수공사(시도20호),충청남도 논산시,충청남도,47900000,4790,0.48,2026-02-24 16:30:56,수의계약,기타,소액수의,충청남도,송영빈,041-746-6275
R26DD20665921,송도로 일원 우수관로 개선공사,광주광역시 광산구,광주광역시,91800000,9180,0.92,2026-02-24 16:29:58,제한경쟁,토목공사,재량계약,광주광역시,송건,062-960-8574
R26DD20665757,진보면 시량1리 농로정비공사,경상북도 청송군,경상북도,60780000,6078,0.61,2026-02-24 15:27:35,수의계약,기타,재량계약,경상북도,박진수,054-870-6093
R26DD20665756,안덕면 문거1리 달밭골 사면정비공사,경상북도 청송군,경상북도,68500000,6850,0.69,2026-02-24 15:27:35,수의계약,기타,재량계약,경상북도,이민우,054-870-6095
R26DD20666404,장흥 송암리 용배수로 정비공사,전라남도 장흥군,전라남도,49340000,4934,0.49,2026-02-24 21:44:00,수의계약,기타,소액수의,전라남도,임재연,061-860-6154
R26DD20666093,2026년 도로교통시설 노면표시 유지보수공사(연간단가),서울특별시 송파구,서울특별시,171100000,17110,1.71,2026-02-24 17:21:53,제한경쟁,토목공사,재량계약,서울특별시,이혜영,02-2147-2483
R26DD20666089,북상천(세천) 정비사업 경관조명 설치공사,전라남도 진도군,전라남도,194948000,19495,1.95,2026-02-24 17:21:10,수의계약,전기공사,재량계약,전라남도,이창익,061-540-3480
R26DD20666061,욕지 연화마을 상수관로 매설공사,경상남도 통영시,경상남도,91900000,9190,0.92,2026-02-24 17:08:57,수의계약,기타,재량계약,경상남도,박태영,055-650-6432
R26DD20666048,강화군 축구장 인조잔디 하부 레벨링 및 다짐공사,인천광역시 강화군,인천광역시,99869000,9987,1.0,2026-02-24 17:06:43,수의계약,기타,재량계약,인천광역시,문화체육시설팀,032-930-3923
R26DD20665989,2026년 화정1지구 도시공원 녹지관리공사,경기도 고양시,경기도,125053000,12505,1.25,2026-02-24 16:50:44,수의계약,기타,재량계약,경기도,정다혜,031-8075-4319
R26DD20665739,2026년 안평천변생활환경숲조성사업,경상북도 의성군,경상북도,190000000,19000,1.9,2026-02-24 15:19:51,제한경쟁,기타,재량계약,경상북도,이승준,054-830-6574
R26DD20667263,홍천 양덕원천 생태하천조성사업 전기공사,한국농어촌공사 강원지역본부 홍천.춘천지사,한국농어촌공사,71769000,7177,0.72,2026-02-25 13:57:40,수의계약,전기공사,재량계약,강원특별자치도,강이란,033-430-9526
R26DD20667187,2026년 가로수 전정 및 관리사업(용평동 일원),경상남도 밀양시,경상남도,29500000,2950,0.29,2026-02-25 13:36:47,수의계약,기타,소액수의,경상남도,엄영식,055-359-5146
R26DD20667185,2026년 가로수 전정 및 관리사업(삼랑진읍 송지리 일원),경상남도 밀양시,경상남도,39050000,3905,0.39,2026-02-25 13:36:02,수의계약,기타,소액수의,경상남도,엄영식,055-359-5146
R26DD20667184,화북 용유리 농로 정비공사,경상북도 상주시,경상북도,120100000,12010,1.2,2026-02-25 13:35:33,수의계약,기타,재량계약,경상북도,채종규,054-537-6132
R26DD20667180,2026년 가로수 전정 및 관리사업(부북면 감천리 일원),경상남도 밀양시,경상남도,39930000,3993,0.4,2026-02-25 13:35:12,수의계약,기타,소액수의,경상남도,엄영식,055-359-5146
R26DD20667152,마음에온 아라 지반보강 공사,제주특별자치도개발공사,제주특별자치도,100321000,10032,1.0,2026-02-25 13:29:15,수의계약,기타,재량계약,제주특별자치도,강영근,064-780-3441
R26DD20667150,2026년도 북천변 느티나무 가로수 전지전정 공사,경상북도 상주시,경상북도,77000000,7700,0.77,2026-02-25 13:28:41,수의계약,기타,재량계약,경상북도,채종규,054-537-6132
R26DD20665695,2026년 소사벌레포츠타운 천연잔디축구장 잔디관리공사,경기도 평택시,경기도,77849000,7785,0.78,2026-02-24 15:01:46,수의계약,기타,재량계약,경기도,김나현,031-8024-3352
R26DD20665674,설천중 본관동 외 1동(식생활관) 화장실 및 기타 전기공사,전북특별자치도교육청 전북특별자치도무주교육지원청,전북특별자치도교육청,127081000,12708,1.27,2026-02-24 14:55:17,제한경쟁,전기공사,재량계약,전북특별자치도,권현경,063-320-5151
R26DD20665660,2026년 운정외지역 잔디생육개선 연간단가 공사,경기도 파주시,경기도,77700000,7770,0.78,2026-02-24 14:52:31,수의계약,기타,재량계약,경기도,장하은,031-940-5384
R26DD20665657,2026년 운정지역 잔디생육개선 연간단가공사(운정-2구역),경기도 파주시,경기도,99700000,9970,1.0,2026-02-24 14:51:29,수의계약,기타,재량계약,경기도,김연경,031-940-8694
R26DD20665831,금구천(지방하천) 준설공사,전북특별자치도 김제시,전북특별자치도,55046000,5505,0.55,2026-02-24 15:56:52,수의계약,토목공사,재량계약,전북특별자치도,박성순,063-540-3965
R26DD20665819,쓰레기 반입 슬라이딩 플레이트 교체 공사,대구공공시설관리공단 성서사업처,대구광역시,88990000,8899,0.89,2026-02-24 15:52:04,수의계약,기타,재량계약,대구광역시,이성수,053-605-8403
R26DD20665816,가북면 소재지 건축물 해체공사,경상남도 거창군 농업기술센터,경상남도,60962000,6096,0.61,2026-02-24 15:51:24,수의계약,건축공사,재량계약,경상남도,류상현,055-940-8123
R26DD20665815,2026년도 지하도상가 노후 소방펌프 교체정비 공사,서울시설공단,서울특별시,95260000,9526,0.95,2026-02-24 15:51:07,수의계약,소방공사,재량계약,서울특별시,박배석,02-2290-6153
R26DD20665650,2026년 운정지역 잔디생육개선 연간단가공사(운정-1구역),경기도 파주시,경기도,90700000,9070,0.91,2026-02-24 14:50:37,수의계약,기타,재량계약,경기도,김연경,031-940-8694
R26DD20665644,2026년 운정3지구 잔디생육개선 연간단가 공사,경기도 파주시,경기도,66000000,6600,0.66,2026-02-24 14:48:56,수의계약,기타,재량계약,경기도,고경욱,031-940-8701
R26DD20666267,국제정원박람회 연계정원 조성사업,서울특별시 동대문구,서울특별시,71480000,7148,0.71,2026-02-24 19:03:13,수의계약,기타,재량계약,서울특별시,김두연,02-2127-4227
R26DD20666198,순천시청 주변 교통관제센터 자가통신망 선로공사,전라남도 순천시,전라남도,75220000,7522,0.75,2026-02-24 18:07:25,수의계약,정보통신공사,재량계약,전라남도,김태영,061-749-3915
R26DD20665988,군위읍 오곡지 용수관로 설치공사,대구광역시 군위군,대구광역시,66200000,6620,0.66,2026-02-24 16:50:21,수의계약,기타,재량계약,대구광역시,장용진,054-380-6372
R26DD20666091,효령면 거매리 도수로 정비공사,대구광역시 군위군,대구광역시,65510000,6551,0.66,2026-02-24 17:21:51,수의계약,기타,재량계약,대구광역시,장용진,054-380-6372
R26DD20666067,광진소방서 장비 보관 창고 바닥 등 실내건축 공사,서울특별시 광진소방서,서울특별시,10130000,1013,0.1,2026-02-24 17:11:37,수의계약,소방공사,소액수의,서울특별시,정민정,02-6981-6621
R26DD20666060,소보면 봉황3리 용수로 개체공사,대구광역시 군위군,대구광역시,172100000,17210,1.72,2026-02-24 17:08:48,수의계약,기타,재량계약,대구광역시,장용진,054-380-6372
R26DD20666016,2026년 임도구조개량사업(봉림),산림청 서부지방산림청 순천국유림관리소,산림청,172388000,17239,1.72,2026-02-24 16:58:35,제한경쟁,기타,재량계약,전라남도,윤정길,061-740-9341
R26DD20665792,유곡 당동마을 주차장 조성공사,경상남도 의령군,경상남도,126400000,12640,1.26,2026-02-24 15:42:48,수의계약,기타,재량계약,경상남도,오민욱,055-570-3634
R26DD20665785,2026년 9호선 2·3단계 강체전차선 AL T-BAR 및 애자세척공사,서울교통공사,서울특별시,167352160,16735,1.67,2026-02-24 15:37:43,제한경쟁,기타,재량계약,서울특별시,임슬기,02-2656-2776
R26DD20665737,동복호 이주민쉼터 관리사무실 전기공사,광주광역시 상수도사업본부 용연정수사업소,광주광역시,7994000,799,0.08,2026-02-24 15:19:08,수의계약,전기공사,소액수의,전라남도,김병현,062-609-6353
R26DD20665717,회야수질개선사업소 수중펌프 정기보수 공사,울산광역시,울산광역시,95664000,9566,0.96,2026-02-24 15:07:58,수의계약,기타,재량계약,울산광역시,김정현,052-229-3296
R26DD20665659,2026년 진도군 슬레이트 지붕해체 철거공사(3권역),사단법인 수생태보전협의회,사단법인 수생태보전협의회,174664730,17466,1.75,2026-02-24 14:52:16,수의계약,기타,재량계약,전라남도,한승완,062-674-9150
R26DD20667004,서울랜드 베스트키즈 석면해체‧제거 공사,서울특별시 서울대공원,서울특별시,53625000,5362,0.54,2026-02-25 11:22:10,수의계약,기타,재량계약,경기도,김재환,02-500-7411
R26DD20667386,"중앙로 신,구 지하상가 연결공사 하자보수 공사",대전광역시 건설관리본부,대전광역시,70585000,7058,0.71,2026-02-25 14:33:39,수의계약,기타,재량계약,대전광역시,김초희,042-270-8741
R26DD20667097,2026년 쌈지공원 유지관리공사,경기도 부천시,경기도,76362000,7636,0.76,2026-02-25 13:08:01,수의계약,기타,재량계약,경기도,황다현,032-625-3567
R26DD20667053,내촌 공공하수처리시설 증설사업 소방공사(전기분야),경기도 포천시 안전도시국 상하수과,경기도,76526000,7653,0.77,2026-02-25 11:40:20,수의계약,전기공사,재량계약,경기도,김동건,031-538-3529
R26DD20665656,2026년 진도군 슬레이트 지붕해체 철거공사(2권역),사단법인 수생태보전협의회,사단법인 수생태보전협의회,174664730,17466,1.75,2026-02-24 14:51:26,수의계약,기타,재량계약,전라남도,한승완,062-674-9150
R26DD20667046,"2026년 상반기 소나무재선충병 방제사업(나무주사, 기번1)",산림청 동부지방산림청 삼척국유림관리소,산림청,84333000,8433,0.84,2026-02-25 11:34:35,지명경쟁,기타,재량계약,강원특별자치도,유남식,033-570-5226
R26DD20667030,2026년 가로수 병해충 방제사업,경기도 화성시 병점구,경기도,119150000,11915,1.19,2026-02-25 11:29:21,제한경쟁,기타,재량계약,경기도,이승원,031-5189-4432
R26DD20666965,2026년 상반기 소나무재선충병 방제사업(제5차),산림청 북부지방산림청 춘천국유림관리소,산림청,37169000,3717,0.37,2026-02-25 11:05:18,지명경쟁,기타,소액수의,강원특별자치도,김민수,033-240-9930
R26DD20666321,눌미(리도201호선)마을진입로아스콘재포장공사,경상북도 청도군,경상북도,80948000,8095,0.81,2026-02-24 19:55:52,수의계약,토목공사,재량계약,경상북도,이재희,054-370-2327
R26DD20666320, 서생 화산마을 농로개설공사,울산광역시 울주군,울산광역시,48900000,4890,0.49,2026-02-24 19:55:46,수의계약,기타,소액수의,울산광역시,정승익,052-204-1555
R26DD20666254,동천~황성 도시숲 구간 지장물 철거공사,경상북도 경주시,경상북도,56750000,5675,0.57,2026-02-24 18:46:07,수의계약,기타,재량계약,경상북도,윤태연,054-760-2289
R26DD20666246,2026년 녹지대 유지관리 연간단가 공사,서울특별시 동대문구,서울특별시,120000000,12000,1.2,2026-02-24 18:40:41,수의계약,기타,재량계약,서울특별시,지석원,02-2127-4611
R26DD20666244,흥무공원 교통신호기 설치,경상북도 경주시,경상북도,76830000,7683,0.77,2026-02-24 18:39:55,수의계약,정보통신공사,재량계약,경상북도,류영하,054-779-6519
R26DD20666084,효령면 장군1리 자릿들 용수로 개체공사,대구광역시 군위군,대구광역시,66200000,6620,0.66,2026-02-24 17:17:45,수의계약,기타,재량계약,대구광역시,장용진,054-380-6372
R26DD20666002,2026년 향동2지구 도시공원 녹지관리공사,경기도 고양시,경기도,80874000,8087,0.81,2026-02-24 16:55:10,수의계약,기타,재량계약,경기도,송주현,031-8075-4328
R26DD20665993,2026년 화정2지구 도시공원 녹지관리공사,경기도 고양시,경기도,101810000,10181,1.02,2026-02-24 16:52:16,수의계약,기타,재량계약,경기도,정다혜,031-8075-4319
R26DD20665981,당월천 호우피해 재해복구사업,전북특별자치도 김제시,전북특별자치도,43921000,4392,0.44,2026-02-24 16:47:55,수의계약,기타,소액수의,전북특별자치도,김시현,063-540-3985
R26DD20665968,통영시보건소 인근 보도블럭 정비공사,경상남도 통영시,경상남도,99970000,9997,1.0,2026-02-24 16:42:44,수의계약,기타,재량계약,경상남도,박선우,055-650-1414
R26DD20666255,솔가람고 다목적강당 옹벽 신설공사,전라남도교육청 전라남도담양교육지원청,전라남도교육청,114373000,11437,1.14,2026-02-24 18:46:52,수의계약,기타,재량계약,전라남도,김광식,061-380-8161
R26DD20666230,옥성면 주아리 윗가락골 농로 개설공사,경상북도 구미시,경상북도,60000000,6000,0.6,2026-02-24 18:27:18,수의계약,기타,재량계약,경상북도,김재현,054-480-5733
R26DD20666202,2026년 가로수 환경개선공사(단가계약),경기도 부천시 소사구,경기도,93000000,9300,0.93,2026-02-24 18:08:25,수의계약,기타,재량계약,경기도,나은정,032-625-6481
R26DD20666092,강화군 축구장 인조잔디 철거공사,인천광역시 강화군,인천광역시,85118000,8512,0.85,2026-02-24 17:21:53,수의계약,기타,재량계약,인천광역시,문화체육시설팀,032-930-3923
R26DD20666078,소보면 봉황2리 마을 안 용수로 개체공사,대구광역시 군위군,대구광역시,195300000,19530,1.95,2026-02-24 17:13:30,수의계약,기타,재량계약,대구광역시,장용진,054-380-6372
R26DD20666021,군위읍 외량2리 오가지 송수관로 설치공사,대구광역시 군위군,대구광역시,143900000,14390,1.44,2026-02-24 16:59:28,수의계약,기타,재량계약,대구광역시,장용진,054-380-6372
R26DD20666402,2026년 서거차도 발전소 계획예방 정비공사,전라남도 진도군,전라남도,160919000,16092,1.61,2026-02-24 21:41:09,수의계약,기타,재량계약,전라남도,양소영,061-540-6414
R26DD20665997,2026년 향동1지구 도시공원 녹지관리공사,경기도 고양시,경기도,63182000,6318,0.63,2026-02-24 16:53:59,수의계약,기타,재량계약,경기도,송주현,031-8075-4328
R26DD20665939,무수천 호우피해 재해복구사업,전북특별자치도 김제시,전북특별자치도,51690000,5169,0.52,2026-02-24 16:34:43,수의계약,기타,재량계약,전북특별자치도,김시현,063-540-3985
R26DD20665922,부적면 마구평리 문화마을 보행자길 정비공사,충청남도 논산시,충청남도,133190000,13319,1.33,2026-02-24 16:30:15,수의계약,기타,재량계약,충청남도,송영빈,041-746-6275
R26DD20665710,2026년 소리천 녹지 유지관리공사,경기도 파주시,경기도,185000000,18500,1.85,2026-02-24 15:05:26,수의계약,기타,재량계약,경기도,박현준,031-940-8710
R26DD20665672,2026년 담장허물기 주차장 조성공사 (연간단가),서울특별시 관악구,서울특별시,82189050,8219,0.82,2026-02-24 14:55:08,수의계약,기타,재량계약,서울특별시,서해니,02-879-6864
R26DD20666428,관산 죽교2지구 흙수로 구조물화사업,전라남도 장흥군,전라남도,80000000,8000,0.8,2026-02-24 23:31:04,수의계약,기타,재량계약,전라남도,임재연,061-860-6154
R26DD20667311,2026년 중부수도사업소 세대별 계량기 설치공사(연간계약),인천광역시 상수도사업본부,인천광역시,42832900,4283,0.43,2026-02-25 14:12:26,수의계약,기타,소액수의,인천광역시,한대동,032-720-2093
R26DD20667294,2026년 신장지구 등 가로수 보식 공사,경기도 하남시,경기도,77349750,7735,0.77,2026-02-25 14:06:56,수의계약,기타,재량계약,경기도,하연숙,031-5182-1169
R26DD20666330,청량 화정마을 용수로 설치공사,울산광역시 울주군,울산광역시,35020000,3502,0.35,2026-02-24 20:01:15,수의계약,기타,소액수의,울산광역시,박진형,052-204-1552
R26DD20666300,2026년 숲가꾸기(봉평 1차)사업,산림청 동부지방산림청 평창국유림관리소,산림청,103262000,10326,1.03,2026-02-24 19:34:41,지명경쟁,기타,재량계약,강원특별자치도,오규상,033-330-4013
R26DD20665854,소규모 공공시설(삼태리 세천0004) 재해복구사업,충청남도 천안시,충청남도,70360000,7036,0.7,2026-02-24 16:06:00,수의계약,기타,재량계약,충청남도,강성재,041-521-5576
R26DD20667166,2026년 솔껍질깍지벌레 예방나무주사사업,부산광역시 기장군,부산광역시,55131000,5513,0.55,2026-02-25 13:31:31,수의계약,기타,재량계약,부산광역시,손영석,051-709-5451
R26DD20667387,2026년 MTV 녹지대 관리공사(5구역),경기도 안산시 단원구,경기도,83000000,8300,0.83,2026-02-25 14:33:45,수의계약,기타,재량계약,경기도,최윤나 주무관,031-481-6416
R26DD20667377,승강기 유압모터 교체 공사,광주광역시 각화동농산물도매시장관리사무소,광주광역시,5258000,526,0.05,2026-02-25 14:30:18,수의계약,기타,소액수의,광주광역시,유재용,062-613-5525
R26DD20666395,달전리 아스콘 덧씌우기공사,세종특별자치시,세종특별자치시,162530000,16253,1.63,2026-02-24 21:13:13,수의계약,기타,재량계약,,박세윤,044-300-5233
R26DD20666683,2026년 상반기 도시숲(1권역) 연중관리 공사,경기도 의왕시,경기도,83699000,8370,0.84,2026-02-25 09:37:56,수의계약,기타,재량계약,경기도,유세리,031-345-3833
R26DD20667293,용담공원 정비공사,인천광역시 연수구,인천광역시,47848000,4785,0.48,2026-02-25 14:06:43,수의계약,기타,소액수의,인천광역시,이선아,032-749-8692
R26DD20667207,밀성공원 사면정비공사,경상남도 밀양시,경상남도,33960000,3396,0.34,2026-02-25 13:38:57,수의계약,기타,소액수의,경상남도,엄영식,055-359-5146
R26DD20666088,생활권 공원녹지 내 맨발길 조성사업((전기),대전광역시 동구,대전광역시,65880000,6588,0.66,2026-02-24 17:19:57,수의계약,전기공사,재량계약,대전광역시,송재필,042-251-4753
R26DD20666044,소보면 봉소리 상소지 용수로 개체공사,대구광역시 군위군,대구광역시,139000000,13900,1.39,2026-02-24 17:04:20,수의계약,기타,재량계약,대구광역시,장용진,054-380-6372
R26DD20665995,속초시민약국 앞 가속차로 설치공사,강원특별자치도 속초시,강원특별자치도,41100000,4110,0.41,2026-02-24 16:53:38,수의계약,기타,소액수의,강원특별자치도,김상유,033-639-2487
R26DD20667162,서남센터 오니처리시설 이송설비 정비공사,서울물재생시설공단,서울물재생시설공단,199956000,19996,2.0,2026-02-25 13:31:06,수의계약,기타,재량계약,서울특별시,김태인,02-3410-9744
R26DD20667159,공성 이화2리 중리 세천정비공사,경상북도 상주시,경상북도,131800000,13180,1.32,2026-02-25 13:30:41,수의계약,기타,재량계약,경상북도,채종규,054-537-6132
R26DD20666885,관산 송촌3구 배수로 정비사업,전라남도 장흥군,전라남도,46100000,4610,0.46,2026-02-25 10:19:27,수의계약,기타,소액수의,전라남도,임재연,061-860-6154
R26DD20666871,마조26호용수지거외 2개소 수로관설치공사,한국농어촌공사 경기지역본부 김포지사,한국농어촌공사,21800000,2180,0.22,2026-02-25 10:14:45,수의계약,기타,소액수의,경기도,이은서,031-980-8106
R26DD20667100,2026년 공영주차장 유지관리 정비공사(단가계약),경기도 부천시,경기도,191143000,19114,1.91,2026-02-25 13:09:48,수의계약,기타,재량계약,경기도,장민식,032-625-4772
R26DD20667080,2026년 관내 도로 빗물받이 보수 공사(단가계약),경기도 하남시,경기도,80000000,8000,0.8,2026-02-25 12:32:03,수의계약,토목공사,재량계약,경기도,최장우,031-790-5821
R26DD20667042,통영지점 전체 레이아웃 설비공사,중소기업은행,중소기업은행,153670000,15367,1.54,2026-02-25 11:31:19,지명경쟁,기타,재량계약,경상남도,오예나,02-729-7458
R26DD20667038,통영지점 전체 레이아웃 전기공사,중소기업은행,중소기업은행,146993000,14699,1.47,2026-02-25 11:30:36,지명경쟁,전기공사,재량계약,경상남도,오예나,02-729-7458
R26DD20667371,2026년 MTV 녹지대 관리공사(3구역),경기도 안산시 단원구,경기도,78000000,7800,0.78,2026-02-25 14:29:13,수의계약,기타,재량계약,경기도,최윤나 주무관,031-481-6416
R26DD20667363,2026년 MTV 녹지대 관리공사(1구역),경기도 안산시 단원구,경기도,66000000,6600,0.66,2026-02-25 14:27:04,수의계약,기타,재량계약,경기도,최윤나 주무관,031-481-6416
R26DD20667350,2026년 읍면동 보안등 설치공사,충청남도 아산시,충청남도,97351000,9735,0.97,2026-02-25 14:23:00,수의계약,기타,재량계약,충청남도,장준호,041-540-2469
R26DD20667335,2026년 수목 병해충 방제공사,국가보훈부 국립대전현충원,국가보훈부,39501000,3950,0.4,2026-02-25 14:16:47,수의계약,조경공사,소액수의,대전광역시,김명성,042-820-7012
R26DD20667331,2026년 수리시설 정비공사(두창리 2088 일원),경기도 용인시,경기도,53350000,5335,0.53,2026-02-25 14:15:50,수의계약,기타,재량계약,경기도,이승원,3167
R26DD20667330,2026년 수리시설 정비공사(학일리 754번지 일원),경기도 용인시,경기도,66614000,6661,0.67,2026-02-25 14:15:50,수의계약,기타,재량계약,경기도,이승원,3167
R26DD20667329,2026년 수리시설 정비공사(송전리 1051번지 일원),경기도 용인시,경기도,81380000,8138,0.81,2026-02-25 14:15:50,수의계약,기타,재량계약,경기도,이승원,3167
R26DD20667328,원삼면 두창리 2813번지 일원 수리시설 정비공사,경기도 용인시,경기도,147240000,14724,1.47,2026-02-25 14:15:50,수의계약,기타,재량계약,경기도,이승원,3167
R26DD20667327,2026년 상반기 소나무재선충병 방제사업(수종전환),경기도 용인시,경기도,120000000,12000,1.2,2026-02-25 14:15:50,수의계약,기타,재량계약,경기도,김해진,2348
R26DD20666638,	대성배수지 전기 및 계측설비 이전공사,전북특별자치도 전주시,전북특별자치도,109681000,10968,1.1,2026-02-25 09:22:41,수의계약,전기공사,재량계약,전북특별자치도,황은택,063-281-6972
R26DD20666580,삼천육교 보수공사,전북특별자치도 전주시 완산구,전북특별자치도,120549000,12055,1.21,2026-02-25 09:00:07,수의계약,기타,재량계약,전북특별자치도,김지영,063-220-5216
R26DD20666576,공연마루 승강기 브레이크 교체공사,광주광역시 예술의전당,광주광역시,5000000,500,0.05,2026-02-25 08:59:28,수의계약,기타,소액수의,광주광역시,김영준,062-613-8343
R26DD20665949,선동 691번지 주변 농로 개설공사,광주광역시 광산구,광주광역시,81530000,8153,0.82,2026-02-24 16:36:42,제한경쟁,기타,재량계약,광주광역시,오명호,062-960-8507
R26DD20665912,우산동 에드가리움 일원 우수관로 설치공사,광주광역시 광산구,광주광역시,185310000,18531,1.85,2026-02-24 16:27:42,제한경쟁,기타,재량계약,광주광역시,김성준,062-960-8573
R26DD20665881,2026 예산천 수도관 복구공사,충청남도 예산군,충청남도,188865000,18886,1.89,2026-02-24 16:15:11,수의계약,기타,재량계약,충청남도,김승규,041-339-8332
R26DD20665876,서랑저수지 음악분수 전기인입 공사,경기도 오산시,경기도,89630000,8963,0.9,2026-02-24 16:12:18,수의계약,전기공사,재량계약,경기도,임기평,031-8036-6463
R26DD20666960,동면 화덕1리 수해복구공사,충청남도 천안시,충청남도,152600000,15260,1.53,2026-02-25 11:01:50,수의계약,기타,재량계약,충청남도,이상곤,041-521-5294
R26DD20666400,원평동 역전로4길(구미초등학교)일원 도로정비공사,경상북도 구미시,경상북도,53200000,5320,0.53,2026-02-24 21:36:21,수의계약,토목공사,재량계약,경상북도,강민준,054-480-5485
R26DD20666398,장흥 평화2구 진입로 확포장 공사,전라남도 장흥군,전라남도,43890000,4389,0.44,2026-02-24 21:25:31,수의계약,토목공사,소액수의,전라남도,임재연,061-860-6154
R26DD20666389,장평면 여의 용수로 정비공사,전라남도 장흥군,전라남도,30000000,3000,0.3,2026-02-24 21:08:51,수의계약,기타,소액수의,전라남도,임재연,061-860-6154
R26DD20666380,2026 수해복구사업 대술면 산정리 세천정비공사,충청남도 예산군,충청남도,59150000,5915,0.59,2026-02-24 20:55:58,수의계약,기타,재량계약,충청남도,김지훈,041-339-7687
R26DD20666377,2025년 마사천(지방하천) 재해복구사업,충청남도 예산군,충청남도,44430000,4443,0.44,2026-02-24 20:50:39,수의계약,토목공사,소액수의,충청남도,김희수,041-339-7784
R26DD20666364,대곡(리도207호선)아스콘포장공사,경상북도 청도군,경상북도,150554000,15055,1.51,2026-02-24 20:31:35,수의계약,토목공사,재량계약,경상북도,이재희,054-370-2327
R26DD20666311,온양 내고산마을 하순동저수지 인근 석축정비공사,울산광역시 울주군,울산광역시,74000000,7400,0.74,2026-02-24 19:48:55,수의계약,기타,재량계약,울산광역시,정승익,052-204-1555
R26DD20665827,2026년 서원구 노후 가로등 LED 교체공사,충청북도 청주시 서원구,충청북도,63035000,6304,0.63,2026-02-24 15:55:12,수의계약,기타,재량계약,충청북도,이유찬,043-201-6355
R26DD20665796,금산면 어유소하천 준설공사,전북특별자치도 김제시,전북특별자치도,34588000,3459,0.35,2026-02-24 15:42:56,수의계약,토목공사,소액수의,전북특별자치도,박성순,063-540-3965
R26DD20665790,사량 읍포천 정비사업,경상남도 통영시 사량면,경상남도,34800000,3480,0.35,2026-02-24 15:40:39,수의계약,기타,소액수의,경상남도,전유정,055-650-3623
R26DD20665772,2026년 화성국민체육센터 청사 유지보수 공사(단가계약),화성도시공사,경기도,66127600,6613,0.66,2026-02-24 15:33:56,수의계약,기타,재량계약,경기도,김강민,031-278-7541
R26DD20665722,주교배수장 토출수조 배수관로 설치공사,한국농어촌공사 충남지역본부 보령지사,한국농어촌공사,12068000,1207,0.12,2026-02-24 15:12:15,수의계약,기타,소액수의,충청남도,최주혜,041-930-7830
R26DD20666899,2026년 공원녹지 위험수목 정비사업(단가계약),부산광역시 기장군,부산광역시,55800000,5580,0.56,2026-02-25 10:24:54,수의계약,조경공사,재량계약,부산광역시,전성현,051-709-4535
R26DD20666870,연구관실 확보공사(건축),헌법재판소,헌법재판소,54800000,5480,0.55,2026-02-25 10:14:07,수의계약,건축공사,재량계약,서울특별시,이병로,02-708-3534
R26DD20666263,2026년 지능형 CCTV 확대 구축사업(전기),경상남도 진주시,경상남도,71246000,7125,0.71,2026-02-24 19:02:44,수의계약,전기공사,재량계약,경상남도,김성재,055-749-3642
R26DD20666148,2026년 국도변가로수연간관리사업(28호선),경상북도 의성군,경상북도,96000000,9600,0.96,2026-02-24 17:52:48,수의계약,기타,재량계약,경상북도,손동범,054-830-6523
R26DD20665713,2026년 공공디자인 시설물 유지보수 공사(연간단가),서울특별시 금천구,서울특별시,23200000,2320,0.23,2026-02-24 15:06:29,수의계약,기타,소액수의,서울특별시,박지형,02-2627-1542
R26DD20665680,흥덕도서관 종합자료실 환경개선공사(건축),경기도 용인시,경기도,44119000,4412,0.44,2026-02-24 14:56:41,수의계약,건축공사,소액수의,경기도,박은구,1518
R26DD20665665,2026년 진도군 슬레이트 지붕해체 철거공사(4권역),사단법인 수생태보전협의회,사단법인 수생태보전협의회,174664740,17466,1.75,2026-02-24 14:53:03,수의계약,기타,재량계약,전라남도,한승완,062-674-9150
R26DD20667013,2026년 영암 비축농지 임대형 스마트팜 세부설계 용역,한국농어촌공사 전남지역본부,한국농어촌공사,20102000,2010,0.2,2026-02-25 11:23:45,수의계약,기타,소액수의,,이규성,062-958-2310
R26DD20666862,2026년 스마트관망 시설물 유지관리용역(남서부),경기도 평택시 상하수도사업소,경기도,89882000,8988,0.9,2026-02-25 10:11:30,수의계약,기타,재량계약,,박현민,031-8024-5435
R26DD20666365,2026년 임도시설사업(구조개량_기번4) 실시설계용역(3차),산림청 동부지방산림청 평창국유림관리소,산림청,11569000,1157,0.12,2026-02-24 20:31:54,수의계약,기타,소액수의,,서문철,033-330-4031
R26DD20667297,"경남혜림학교 본관동 외 2동(급식소, 별관 및 신관동) 및 호계초등학교 본관동 내진보강(마감) 설계용역",경상남도교육청 경상남도창원교육지원청,경상남도교육청,40304000,4030,0.4,2026-02-25 14:07:49,수의계약,기타,소액수의,,김성윤,055-210-7575
R26DD20666323,부강역~북대전IC 건설공사(2공구) 지하안전영향평가 용역,행정중심복합도시건설청,행정중심복합도시건설청,183000000,18300,1.83,2026-02-24 19:57:13,제한경쟁,기타,재량계약,,김종환,044-200-3232
R26DD20666256,용면초 등 3교 학교시설 정밀점검용역,전라남도교육청 전라남도담양교육지원청,전라남도교육청,42933000,4293,0.43,2026-02-24 18:47:53,수의계약,기타,소액수의,,김광식,061-380-8161
R26DD20667270,성북천(우안) 산책로 조성 기본 및 실시설계 용역 시행(긴급),서울특별시 성북구,서울특별시,165931700,16593,1.66,2026-02-25 14:00:16,제한경쟁,기타,재량계약,,김경화,02-2241-3622
R26DD20667190,아산시 2종 시설물 정기안전점검용역,충청남도 아산시 미래도시관리사업소,충청남도,57210000,5721,0.57,2026-02-25 13:37:16,수의계약,기타,재량계약,,박기용,041-540-2932
R26DD20666204,2026년 방배배수지 등 2개소 정밀안전진단 용역,서울특별시,서울특별시,133320000,13332,1.33,2026-02-24 18:09:04,제한경쟁,기타,재량계약,,김종섭,02-3146-4903
R26DD20666146,염소분산주입시설 개량 실시설계 용역,서울특별시 서울아리수본부,서울특별시,21500000,2150,0.21,2026-02-24 17:49:57,수의계약,기타,소액수의,,이정희,02-3146-1335
R26DD20667151,"한국전통문화대학교 홈페이지 고도화(전통미술공예학과, 대학원 개편)",국가유산청 한국전통문화대학교,국가유산청,46250000,4625,0.46,2026-02-25 13:28:58,수의계약,기타,소액수의,,구정록,041-830-7212
R26DD20667140,2026년 춘기조림사업(호계외지구) 감리용역,경북 문경시산림조합,산림조합중앙회,13657000,1366,0.14,2026-02-25 13:26:49,수의계약,기타,소액수의,,장은주,054-555-2304
R26DD20667128,"건축공사 안전점검 수행기관 지정 공고(신평동 580번지, 대우제약 공장 증축공사)",부산광역시 사하구,부산광역시,22000000,2200,0.22,2026-02-25 13:20:40,지명경쟁,건축공사,소액수의,,임태섭,051-220-4594
R26DD20667120,2026년 배수문(5개소) 정밀안전점검 용역,경기도 고양시 덕양구,경기도,65533000,6553,0.66,2026-02-25 13:19:01,수의계약,기타,재량계약,,유병찬,031-8075-3582
R26DD20666565,2026년 산림유역관리사업 감리용역,전라남도 장흥군,전라남도,28122000,2812,0.28,2026-02-25 08:56:06,수의계약,기타,소액수의,,한민건,061-860-6072
R26DD20666530,성서 자원회수시설 환경상 영향조사 용역,대구광역시,대구광역시,190960000,19096,1.91,2026-02-25 07:49:43,지명경쟁,기타,재량계약,,김중호,053-803-4251
R26DD20666967,대구동부초등학교 급식시설 환경개선공사 설계용역,대구광역시교육청 대구광역시동부교육지원청,대구광역시교육청,22788000,2279,0.23,2026-02-25 11:05:59,수의계약,기타,소액수의,,여상길,053-232-0019
R26DD20666934,대구감천초등학교 조리장 이설 및 식당 확충공사 전기부문 설계용역,대구광역시교육청 대구광역시남부교육지원청,대구광역시교육청,17030000,1703,0.17,2026-02-25 10:45:31,수의계약,전기공사,소액수의,,채준철,053-234-0146
R26DD20666926,2026년 청주시 상수원 수질관리계획 수립용역,충청북도 청주시,충청북도,70240000,7024,0.7,2026-02-25 10:38:03,수의계약,기타,재량계약,,김남진,043-201-4562
R26DD20666898,(가칭)주암유치원 신축공사 외 1건(범계중) 기본 및 설계안전보건대장 적정성 검토용역,경기도교육청 경기도안양과천교육지원청,경기도교육청,3158000,316,0.03,2026-02-25 10:24:44,수의계약,건축공사,소액수의,,박병곤,031-380-7290
R26DD20665694,오수의견 관광지 지정(변경) 및 조성계획(변경) 용역,전북특별자치도 임실군,전북특별자치도,134200000,13420,1.34,2026-02-24 15:01:43,제한경쟁,기타,재량계약,,이현지,063-640-2194
R26DD20665690,성주고가도로 정밀안전진단 및 내진성능평가 용역,경상남도 창원시 성산구,경상남도,109300000,10930,1.09,2026-02-24 15:00:23,수의계약,토목공사,재량계약,,구자룡,055-272-4646
R26DD20665637,옥정호 명품관광지 조성사업(스카이워크) 기본 및 실시설계용역,전북특별자치도 임실군,전북특별자치도,180900000,18090,1.81,2026-02-24 14:47:55,제한경쟁,기타,재량계약,,이현지,063-640-2194
R26DD20666875,"2026년 임도 실시설계용역 3차(구조개량_기번5, 임원리 산1 외 2)",산림청 동부지방산림청 삼척국유림관리소,산림청,19745000,1974,0.2,2026-02-25 10:15:53,수의계약,기타,소액수의,,고지만,033-570-5231
R26DD20666861,"2026년 임도 실시설계용역 3차(구조개량_기번 2, 궁촌리 산310)",산림청 동부지방산림청 삼척국유림관리소,산림청,19398000,1940,0.19,2026-02-25 10:11:22,수의계약,기타,소액수의,,고지만,033-570-5231
R26DD20666690,핵융합 핵심기술 개발 및 첨단 인프라 구축사업 재해영향성 검토 용역,전라남도 나주시,전라남도,40000000,4000,0.4,2026-02-25 09:40:23,수의계약,기타,소액수의,,김영민,061-339-7854
R26DD20666674,구산초등학교 외 5교 상반기 제2·3종시설물(옹벽) 정기안전점검 용역,경상남도교육청 경상남도김해교육지원청,경상남도교육청,40629000,4063,0.41,2026-02-25 09:34:29,수의계약,기타,소액수의,,김상현,055-330-7674
R26DD20666659,완도 월송지구 소규모 배수개선사업 기본계획 수립 용역,한국농어촌공사 전남지역본부 해남.완도지사,한국농어촌공사,18900000,1890,0.19,2026-02-25 09:29:10,수의계약,기타,소액수의,,김가영,061-530-1574
R26DD20666563,2026년 숲가꾸기(어린나무)사업 1차 감리용역 1차,산림청 동부지방산림청 삼척국유림관리소,산림청,12883000,1288,0.13,2026-02-25 08:54:25,수의계약,기타,소액수의,,박재철,033-570-5241
R26DD20666406,2026년 사방시설 외관점검 위탁용역,산림청 북부지방산림청 수원국유림관리소,산림청,6500000,650,0.07,2026-02-24 21:45:12,수의계약,기타,소액수의,,이호현,031-240-8931
R26DD20667413,아산시 기타 시설물 정기안전점검용역,충청남도 아산시 미래도시관리사업소,충청남도,98010000,9801,0.98,2026-02-25 14:41:45,수의계약,기타,재량계약,,박기용,041-540-2932
R26DD20667412,2026년 개발제한구역 항공사진 DB구축 및 판독용역,경상남도,경상남도,70000000,7000,0.7,2026-02-25 14:40:51,수의계약,기타,재량계약,,이유진,055-211-3825
R26DD20666588,2026년 1권역 교량 등 도로시설물 긴급보수공사(연간단가) 폐기물 처리용역,대전광역시 건설관리본부,대전광역시,10502000,1050,0.11,2026-02-25 09:05:53,수의계약,토목공사,소액수의,,이표은,042-270-8744
R26DD20666552,장흥 향양지구 밭기반 정비사업 기본 및 실시설계 용역,전라남도 장흥군,전라남도,64854000,6485,0.65,2026-02-25 08:43:38,수의계약,기타,재량계약,,최준환,061-860-6151
R26DD20666549,장흥군 체육관 유지보수 실시설계 용역,전라남도 장흥군,전라남도,33050000,3305,0.33,2026-02-25 08:33:19,수의계약,기타,소액수의,,한성주,061-860-6281
R26DD20666188,점동면 덕평리(국도37호선) 위험도로 개선사업 실시설계 용역,경기도 여주시,경기도,56200000,5620,0.56,2026-02-24 18:01:41,수의계약,토목공사,재량계약,,이지연,031-887-2368
R26DD20665894,2026년 생활밀착형 숲 예술의전당 실내정원 조성사업 실시설계 용역,전북특별자치도 익산시,전북특별자치도,27813000,2781,0.28,2026-02-24 16:21:15,수의계약,기타,소액수의,,서남은,063-859-5967
R26DD20665828,고시 수상태양광발전소 수질 및 수생태계 사후    모니터링(운영시 4차),한국농어촌공사 전남지역본부 화순지사,한국농어촌공사,15200000,1520,0.15,2026-02-24 15:55:37,수의계약,기타,소액수의,,유경완,061-370-8500
R26DD20665673,2026년 도로굴착복구 및 시설물유지보수공사(연간단가계약) 건설폐기물 운반·처리용역,대구광역시 남구,대구광역시,28594000,2859,0.29,2026-02-24 14:55:16,수의계약,토목공사,소액수의,,손유정,053-664-2886
R26DD20666342,2026년 정밀안전점검 용역,인천광역시교육청 인천광역시북부교육지원청,인천광역시교육청,189506000,18951,1.9,2026-02-24 20:08:26,제한경쟁,기타,재량계약,,김소연,032-510-1545
R26DD20665984,북수원 테크노밸리 소규모환경영향평가 용역,경기주택도시공사,경기도,176000000,17600,1.76,2026-02-24 16:49:11,제한경쟁,기타,재량계약,,김윤주,031-220-7226
R26DD20667125,화순군 상수도 관망 기술진단 용역,전라남도 화순군,전라남도,200000000,20000,2.0,2026-02-25 13:20:21,제한경쟁,기타,재량계약,,조아란,061-379-3371
R26DD20667048,김해삼성초등학교 외 3교(4동) 건축물 정밀안전점검 용역,경상남도교육청 경상남도김해교육지원청,경상남도교육청,38838000,3884,0.39,2026-02-25 11:35:23,수의계약,건축공사,소액수의,,김상현,055-330-7674
R26DD20666935,대구덕인초등학교 양궁장 증축공사 전기부문 설계용역 ,대구광역시교육청 대구광역시남부교육지원청,대구광역시교육청,6900000,690,0.07,2026-02-25 10:46:15,수의계약,전기공사,소액수의,,채준철,053-234-0146
R26DD20666920,외동마을 농어촌취약지역생활여건개조사업 건축물 해체계획서 작성 용역,한국농어촌공사 전남지역본부 담양지사,한국농어촌공사,21000000,2100,0.21,2026-02-25 10:34:05,수의계약,건축공사,소액수의,,이대현,061-380-4106
R26DD20666868,"2026년 임도 실시설계용역 3차(구조개량_기번 4, 궁촌리 산310 외 1)",산림청 동부지방산림청 삼척국유림관리소,산림청,17546000,1755,0.18,2026-02-25 10:13:51,수의계약,기타,소액수의,,고지만,033-570-5231
R26DD20666858,2026년 스마트관망 시설물 유지관리용역(북부),경기도 평택시 상하수도사업소,경기도,78628000,7863,0.79,2026-02-25 10:10:00,수의계약,기타,재량계약,,박현민,031-8024-5435
R26DD20666825,2026년 시민안전체험관 시설물 안전점검(정기안전점검 및 정밀안전점검),서울특별시 시민안전체험관,서울특별시,11550000,1155,0.12,2026-02-25 10:03:21,수의계약,기타,소액수의,,이보영,02-2027-4124
R26DD20666983,2026년 서울시 정신건강통계홈페이지  유지관리,서울시 정신건강복지센터,서울특별시,38427500,3843,0.38,2026-02-25 11:12:50,제한경쟁,기타,소액수의,,박가은,02-3444-9934
R26DD20666979,기계설비 개선공사 설계용역,대통령경호처,대통령경호처,47897000,4790,0.48,2026-02-25 11:10:48,수의계약,기계설비공사,소액수의,,양지숙,02-800-5536
R26DD20666936,대구선원초등학교 외 4교 조리실 환기시설 개선 전기공사 설계용역,대구광역시교육청 대구광역시남부교육지원청,대구광역시교육청,9945000,994,0.1,2026-02-25 10:46:51,수의계약,전기공사,소액수의,,채준철,053-234-0146
R26DD20666441,2026년 2차 산불예방숲가꾸기사업(포리지구)감리용역,고령군산림조합,경상북도,4560000,456,0.05,2026-02-25 00:57:42,수의계약,기타,소액수의,,김경구,054-954-2310
R26DD20666440,2026년 2차 산불예방숲가꾸기사업(오사지구)감리용역,고령군산림조합,경상북도,7767000,777,0.08,2026-02-25 00:57:42,수의계약,기타,소액수의,,김경구,054-954-2310
R26DD20666439,2026년 2차 산불예방숲가꾸기사업(중화지구)감리용역,고령군산림조합,경상북도,6120000,612,0.06,2026-02-25 00:57:42,수의계약,기타,소액수의,,김경구,054-954-2310
R26DD20666438,2026년 2차 산불예방숲가꾸기사업(인안지구)감리용역,고령군산림조합,경상북도,7896000,790,0.08,2026-02-25 00:57:42,수의계약,기타,소액수의,,김경구,054-954-2310
R26DD20666437,2026년 2차 산불예방숲가꾸기사업(사부지구)감리용역,고령군산림조합,경상북도,8244000,824,0.08,2026-02-25 00:57:42,수의계약,기타,소액수의,,김경구,054-954-2310
R26DD20667312,일운면 공공하수처리시설 증설사업 외 2개소 토질조사 용역,경상남도 거제시,경상남도,105490000,10549,1.05,2026-02-25 14:12:50,수의계약,기타,재량계약,,백정화,055-639-3501
R26DD20666923,국도40호선 반교터널 등 22개소 정기하자점검용역,국토교통부 대전지방국토관리청 논산국토관리사무소,국토교통부,81800000,8180,0.82,2026-02-25 10:36:38,제한경쟁,기타,재량계약,,선나연,041-730-5817
R26DD20666112,구미문화예술회관 건축물 정밀안전점검 용역,경상북도 구미시,경상북도,24500000,2450,0.24,2026-02-24 17:32:28,수의계약,건축공사,소액수의,,하태경,054-480-4573
R26DD20667136,2026년 속초시 보호구역 실태조사(심층) 용역,강원특별자치도 속초시,강원특별자치도,43000000,4300,0.43,2026-02-25 13:23:15,수의계약,기타,소액수의,,김상유,033-639-2487
R26DD20667098,2026년 춘기조림사업(가은외지구) 감리용역,경북 문경시산림조합,산림조합중앙회,10022000,1002,0.1,2026-02-25 13:08:16,수의계약,기타,소액수의,,장은주,054-555-2304
R26DD20666706,영선3지구 급경사지 정비사업 기본 및 실시설계용역,부산광역시 영도구,부산광역시,108700000,10870,1.09,2026-02-25 09:46:57,제한경쟁,기타,재량계약,,이승진,051-419-4145
R26DD20666604,2026년 2권역 교량 등 도로시설물 긴급보수공사(연간단가) 폐기물 운반용역,대전광역시 건설관리본부,대전광역시,5428000,543,0.05,2026-02-25 09:11:20,수의계약,토목공사,소액수의,,이표은,042-270-8744
R26DD20666596,2026년 2권역 교량 등 도로시설물 긴급보수공사(연간단가) 폐기물 처리용역,대전광역시 건설관리본부,대전광역시,10502000,1050,0.11,2026-02-25 09:09:07,수의계약,토목공사,소액수의,,이표은,042-270-8744
R26DD20666527,2026년 서서울호수공원 산사태 예방사업 시공감리용역 ,서울특별시 서부공원여가센터,서울특별시,3700000,370,0.04,2026-02-25 07:19:57,수의계약,기타,소액수의,,신혜경,070-7729-9400
R26DD20667015,2026년 나주 비축농지 임대형 스마트팜 세부설계 용역,한국농어촌공사 전남지역본부,한국농어촌공사,20102000,2010,0.2,2026-02-25 11:24:42,수의계약,기타,소액수의,,이규성,062-958-2310
R26DD20666366,2026년 임도시설사업(구조개량_기번5) 실시설계용역(3차),산림청 동부지방산림청 평창국유림관리소,산림청,17354000,1735,0.17,2026-02-24 20:32:35,수의계약,기타,소액수의,,서문철,033-330-4031
R26DD20666184,금자지구 지질조사 용역,한국농어촌공사 전남지역본부,한국농어촌공사,21651000,2165,0.22,2026-02-24 18:00:44,수의계약,기타,소액수의,,이규성,062-958-2310
R26DD20667362,아산시 3종 시설물 정기안전점검용역,충청남도 아산시 미래도시관리사업소,충청남도,97370000,9737,0.97,2026-02-25 14:26:07,수의계약,기타,재량계약,,박기용,041-540-2932
R26DD20666095,2026년 김해시 주차장 수급 및 안전관리 실태조사 용역_긴급,경상남도 김해시,경상남도,170500000,17050,1.71,2026-02-24 17:24:36,제한경쟁,기타,재량계약,,한도희,055-330-4917
R26DD20665744,실시간 통합정보시스템(4호선 진접선 50칸) 알림기능 개선 용역,서울교통공사,서울특별시,11000000,1100,0.11,2026-02-24 15:21:54,수의계약,기타,소액수의,,김일,02-6311-9661
R26DD20665728,가칭 온미래학교 신축공사 설계 경제성 등(VE) 검토 용역,전라남도교육청,전라남도교육청,72742000,7274,0.73,2026-02-24 15:14:52,제한경쟁,건축공사,재량계약,,박민아,061-260-0784
R26DD20667234,수산면 오티리 취약지역 생활여건 개조사업 기본 및 시행계획(실시설계) 수립 용역,충청북도 제천시,충청북도,169400000,16940,1.69,2026-02-25 13:46:06,제한경쟁,기타,재량계약,,김태수,043-641-6244
R26DD20667224,"2026년 남해바다숲 신규지(여수시 개도 신흥, 통영시 욕지 도동) 효과조사",한국수산자원공단 남해본부,해양수산부,61775000,6178,0.62,2026-02-25 13:42:38,수의계약,기타,재량계약,,신경수,061-640-1921
R26DD20667213,2026 덕유대 자연학습장 건축물대장 현행화 용역,국립공원공단 덕유산국립공원사무소,국립공원공단,41000000,4100,0.41,2026-02-25 13:39:50,수의계약,건축공사,소액수의,,이정우,063-320-3832
R26DD20667210,국도7호선 안호터널 등 5개소 정밀안전점검용역,국토교통부 원주지방국토관리청 강릉국토관리사무소,국토교통부,95000000,9500,0.95,2026-02-25 13:39:30,제한경쟁,기타,재량계약,,이호진,033-943-9934
R26DD20667201,국도7호선 쌍천교 등 3개소 정밀안전점검용역,국토교통부 원주지방국토관리청 강릉국토관리사무소,국토교통부,104000000,10400,1.04,2026-02-25 13:38:33,제한경쟁,기타,재량계약,,손원필,033-672-6431
R26DD20666421,2026년 상반기 정수시설 안전점검(정밀·정기) 용역,전라남도 영암군 수도사업소,전라남도,49410000,4941,0.49,2026-02-24 22:28:27,수의계약,기타,소액수의,,최현우,061-470-6711
R26DD20665640,2026년 상반기 남부권 1종 교량(12개소) 정기안전점검용역,세종특별자치시 도로관리사업소,세종특별자치시,80300000,8030,0.8,2026-02-24 14:48:13,수의계약,토목공사,재량계약,,유채희,044-301-3728
R26DD20666215,2026년 상반기 상수도시설물 정기 및 정밀안전점검 용역,경상남도 김해시,경상남도,48330000,4833,0.48,2026-02-24 18:14:25,수의계약,기타,소액수의,,김현경,055-330-3895
R26DD20667115,2026 덕유산 공중화장실 정비공사 실시설계 용역,국립공원공단 덕유산국립공원사무소,국립공원공단,18800000,1880,0.19,2026-02-25 13:18:07,수의계약,기타,소액수의,,이정우,063-320-3832
R26DD20667045,가덕터널(거제방향) 정밀안전진단용역,부산광역시,부산광역시,164500000,16450,1.65,2026-02-25 11:33:40,일반경쟁,기타,재량계약,,백기열,051-550-7263
R26DD20666968,"신남고 기숙사 및 실습실 증축 전기,통신,소방공사 설계용역",강원특별자치도교육청 강원특별자치도인제교육지원청,강원특별자치도교육청,142585000,14258,1.43,2026-02-25 11:06:41,제한경쟁,전기공사,재량계약,,황수연,033-460-1031
R26DD20666005,2026년 캠프킴 주변 유류오염 지하수 정화용역,서울특별시,서울특별시,80348000,8035,0.8,2026-02-24 16:56:18,일반경쟁,기타,재량계약,,최영진,02-120-0000
R26DD20666200,경주 파크골프장 조성사업 중장기계획 수립 및 타당성 조사 용역,경상북도 경주시,경상북도,99809000,9981,1.0,2026-02-24 18:07:55,수의계약,기타,재량계약,,최준혁,054-779-6166
R26DD20666007,2026년 서울월드컵경기장 지붕층 계측시스템 유지관리 용역,서울시설공단,서울특별시,92700000,9270,0.93,2026-02-24 16:56:57,수의계약,기타,재량계약,,권욱천,02-2128-2939
R26DD20666397,2026년 사방시설 정밀점검 위탁용역,산림청 북부지방산림청 수원국유림관리소,산림청,19260000,1926,0.19,2026-02-24 21:20:48,수의계약,기타,소액수의,,이호현,031-240-8931
R26DD20666363,2026년 이도시설사업(구조개량_기번3) 실시설계용역(3차),산림청 동부지방산림청 평창국유림관리소,산림청,19282000,1928,0.19,2026-02-24 20:31:14,수의계약,기타,소액수의,,서문철,033-330-4031
R26DD20667192,국도44호선 옥녀1교 등 5개소 정밀안전점검용역,국토교통부 원주지방국토관리청 강릉국토관리사무소,국토교통부,97000000,9700,0.97,2026-02-25 13:37:32,제한경쟁,기타,재량계약,,이재인,033-943-9933
R26DD20667158,문화제조창 문화의 언덕 경관조성사업 기본(디자인) 및 실시설계용역,충청북도 청주시,충청북도,50000000,5000,0.5,2026-02-25 13:30:41,수의계약,기타,소액수의,,연승,043-201-2554
R26DD20667414,신내 택지개발지구 지구단위계획 재정비 관련 교통영향평가 용역,서울특별시,서울특별시,200000000,20000,2.0,2026-02-25 14:42:34,제한경쟁,기타,재량계약,,안동호,02-2133-8397
R26DD20667409,거제면 공공하수처리시설 증설사업 외 4개소 조사측량 용역,경상남도 거제시,경상남도,101300000,10130,1.01,2026-02-25 14:40:12,수의계약,기타,재량계약,,백정화,055-639-4903
R26DD20667352,광주제1하수처리장 에너지진단 용역,광주환경공단,광주광역시,47844000,4784,0.48,2026-02-25 14:23:48,수의계약,기타,소액수의,,안계홍,062-603-5537
R26DD20666716,주택건설공사 감리용역(소방)(천안 백석5지구 2BL 공동주택 신축공사),충청남도 천안시,충청남도,128854794,12885,1.29,2026-02-25 09:50:31,일반경쟁,소방공사,재량계약,,표종훈,041-521-5705
R26DD20667254,2026년 남동구 1지역 블록정비공사 공공측량 용역,인천광역시 상수도사업본부 남동부수도사업소,인천광역시,45507000,4551,0.46,2026-02-25 13:54:38,수의계약,기타,소액수의,,정창훈,032-720-3565
R26DD20667167,치산 자연재해위험개선지구 정비사업 착공후지하안전조사용역,경상북도 고령군,경상북도,118790000,11879,1.19,2026-02-25 13:31:56,제한경쟁,기타,재량계약,,방영민,054-950-6642
R26DD20667161,"2026년 남해바다숲 신규지(완도군 미라리, 상정리) 효과조사",한국수산자원공단 남해본부,해양수산부,61349000,6135,0.61,2026-02-25 13:31:03,수의계약,기타,재량계약,,신경수,061-640-1921
R26DD20667146,"2026년 부천시 노후 상수도관 교체공사(3,6,7구간) 실시설계용역",경기도 부천시,경기도,181600000,18160,1.82,2026-02-25 13:28:13,제한경쟁,기타,재량계약,,황춘원,032-625-3308
R26DD20666880,"2026년 임도 실시설계용역 3차(구조개량_기번6, 이천리 산322)",산림청 동부지방산림청 삼척국유림관리소,산림청,8484000,848,0.08,2026-02-25 10:17:35,수의계약,기타,소액수의,,고지만,033-570-5231
R26DD20666857,"2026년 임도 실시설계용역 3차(구조개량_기번 1, 궁촌리 산310)",산림청 동부지방산림청 삼척국유림관리소,산림청,4087000,409,0.04,2026-02-25 10:09:45,수의계약,기타,소액수의,,고지만,033-570-5231
R26DD20667068,나주시 남평처리구역 하수관로 기술진단 용역,전라남도 나주시 하수도사업소,전라남도,150100000,15010,1.5,2026-02-25 11:48:05,제한경쟁,기타,재량계약,,정유미,061-339-7643
R26DD20666601,2026년 1권역 교량 등 도로시설물 긴급보수공사(연간단가) 폐기물 운반용역,대전광역시 건설관리본부,대전광역시,5428000,543,0.05,2026-02-25 09:10:30,수의계약,토목공사,소액수의,,이표은,042-270-8744
R26DD20667282,식사지구 수리시설정비사업 세부설계 용역,한국농어촌공사 경기지역본부 고양지사,한국농어촌공사,11929000,1193,0.12,2026-02-25 14:03:44,수의계약,기타,소액수의,,김효섭,031-929-9436
R26DD20666629,2026년 숲가꾸기(솎아베기)사업 실시설계용역 3차,산림청 동부지방산림청 삼척국유림관리소,산림청,13251000,1325,0.13,2026-02-25 09:19:45,수의계약,기타,소액수의,,박재철,033-570-5241
R26DD20666614,2026년 지역특화 및 큰나무 조림사업 감리 용역,전라남도 장흥군,전라남도,27720000,2772,0.28,2026-02-25 09:14:45,수의계약,기타,소액수의,,정영서,061-860-6089
R26DD20667259,2026년 상반기 시설물안전법 대상 교량(3종) 정기안전점검 용역,경상남도 창원시 성산구,경상남도,63600000,6360,0.64,2026-02-25 13:56:10,수의계약,토목공사,재량계약,,구자룡,055-272-4646
R26DD20666937,경상중학교 외 3교 조리실 환기시설 개선 전기공사 설계용역,대구광역시교육청 대구광역시남부교육지원청,대구광역시교육청,8426000,843,0.08,2026-02-25 10:47:34,수의계약,전기공사,소액수의,,채준철,053-234-0146
R26DD20666273,거제시 중앙공공하수처리시설 외 1개소 정밀안전점검 용역,경상남도 거제시,경상남도,44072000,4407,0.44,2026-02-24 19:10:52,수의계약,기타,소액수의,,백정화,055-639-3501
R26DD20666863,"2026년 임도 실시설계용역 3차(구조개량_기번 3, 궁촌리 산310)",산림청 동부지방산림청 삼척국유림관리소,산림청,5900000,590,0.06,2026-02-25 10:12:44,수의계약,기타,소액수의,,고지만,033-570-5231
R26DD20666178,남한산성 여장(동장대터~연주봉옹성) 보수공사 설계용역,경기도,경기도,97900000,9790,0.98,2026-02-24 17:55:37,수의계약,기타,재량계약,,남유진,031-8008-4193
R26DD20667028,국도13호선 해남 영신지구 등 4개소 포장도 보수공사 폐기물처리용역,국토교통부 익산지방국토관리청 광주국토관리사무소,국토교통부,113000000,11300,1.13,2026-02-25 11:28:47,제한경쟁,토목공사,재량계약,,석지언,062-970-6313
R26DD20667026,국도23호선 함평 진양지구 등 6개소 포장도 보수공사 폐기물처리용역,국토교통부 익산지방국토관리청 광주국토관리사무소,국토교통부,165000000,16500,1.65,2026-02-25 11:28:27,제한경쟁,토목공사,재량계약,,석지언,062-970-6313
R26DD20667020,국도1호선 장성 영천지구 등 4개소 포장도 보수공사 폐기물처리용역,국토교통부 익산지방국토관리청 광주국토관리사무소,국토교통부,125000000,12500,1.25,2026-02-25 11:27:25,제한경쟁,토목공사,재량계약,,석지언,062-970-6313
R26DD20667002,지사지구 취약지역생활여건개조사업 지역역량강화 용역,한국농어촌공사 전북지역본부 무진장지사,한국농어촌공사,130000000,13000,1.3,2026-02-25 11:21:07,일반경쟁,기타,재량계약,,이홍섭,063-350-7012
R26DD20666995,급성질환 원인바이러스 분석법 개선 연구,해양수산부 국립수산과학원,해양수산부,70000000,7000,0.7,2026-02-25 11:18:26,제한경쟁,기타,재량계약,,최효주,051-720-2632
R26DD20666859,제1대 국가유산위원회 위촉식 및 전체회의 행사대행 용역,국가유산청,국가유산청,30000000,3000,0.3,2026-02-25 10:10:42,제한경쟁,기타,소액수의,,장재혁,042-481-4770
R26DD20666849,중소조선사업장 방오도료 해양유입방지 가이드 마련 연구,기후에너지환경부 화학물질안전원,기후에너지환경부,50000000,5000,0.5,2026-02-25 10:06:41,제한경쟁,기타,소액수의,,석재원,043-830-4035
R26DD20666401,SSO 및 개인정보보호 솔루션 유지보수,울산대학교,교육부,37630000,3763,0.38,2026-02-24 21:36:26,일반경쟁,기타,소액수의,,정민수,052-259-2080
R26DD20666368,2026년 아동인권 당사자 모니터링,국가인권위원회,국가인권위원회,83000000,8300,0.83,2026-02-24 20:36:49,제한경쟁,기타,재량계약,,김나연,02-2125-9723
R26DD20667307,현산 조산 배수지선관로 설치공사 폐기물처리 용역,전라남도 해남군,전라남도,55500000,5550,0.56,2026-02-25 14:11:34,수의계약,기타,재량계약,,고형민,061-530-5278
R26DD20667281,2026년 도서관리시스템 유지보수 용역,서울특별시 서울식물원,서울특별시,7410000,741,0.07,2026-02-25 14:03:36,수의계약,기타,소액수의,,이완선,02-2104-9736
R26DD20667273,2026학년도 해강중학교 1학년 현장체험학습 차량 임차 용역 ,부산광역시교육청 부산광역시해운대교육청 해강중학교,부산광역시교육청,17328000,1733,0.17,2026-02-25 14:01:03,제한경쟁,기타,소액수의,,정연복,051-740-2707
R26DD20666307,국도1호선 천안권역 포장도 보수공사 건설폐기물처리용역,국토교통부 대전지방국토관리청 예산국토관리사무소,국토교통부,110550000,11055,1.11,2026-02-24 19:46:58,제한경쟁,토목공사,재량계약,,김원채,041-330-6517
R26DD20666304,국도21호선 예산권역 포장도 보수공사 건설폐기물처리용역,국토교통부 대전지방국토관리청 예산국토관리사무소,국토교통부,107030000,10703,1.07,2026-02-24 19:40:16,제한경쟁,토목공사,재량계약,,김원채,041-330-6517
R26DD20666272,용인도시계획도로 중3-191호 개설공사 폐기물처리용역,경기도 용인시,경기도,26916000,2692,0.27,2026-02-24 19:09:49,수의계약,토목공사,소액수의,,손지숙,031-6193-2432
R26DD20666248,배터리 파우치 시험방법 표준화 연구,한국표준협회,,60000000,6000,0.6,2026-02-24 18:41:18,제한경쟁,기타,재량계약,,홍종은,02-6240-4523
R26DD20667262,청주시 장애인 차별금지 및 인권보장 기본계획 수립 연구용역,충청북도 청주시,충청북도,65000000,6500,0.65,2026-02-25 13:57:05,수의계약,기타,재량계약,,이현정,043-201-1884
R26DD20667249,2026년 미추홀구 신설급수공사 폐기물 운반 및 처리용역(연간계약),인천광역시 상수도사업본부 중부수도사업소,인천광역시,25939000,2594,0.26,2026-02-25 13:53:22,수의계약,기타,소액수의,,이서란,032-720-3368
R26DD20667245,2026년 미추홀구 1지역 블록정비공사 폐기물 운반 및 처리용역(연간계약),인천광역시 상수도사업본부 중부수도사업소,인천광역시,58282000,5828,0.58,2026-02-25 13:52:11,수의계약,기타,재량계약,,임은영,032-720-3363
R26DD20667236,2026학년도 고3학년부장 진학교육 배움자리 운영 위탁용역 견적 공고,충청남도교육청 충청남도교육청진로융합교육원,충청남도교육청,28000000,2800,0.28,2026-02-25 13:46:43,제한경쟁,기타,소액수의,,우성균,041-406-2673
R26DD20667216,의령 자전거도로(남천교~홍의정 구간) 정비사업 폐기물처리 용역,경상남도 의령군,경상남도,36830000,3683,0.37,2026-02-25 13:40:27,수의계약,토목공사,소액수의,,김민구,055-570-3532
R26DD20666233,2026년도 찾아가는 수풀로 교육 운영 및 콘텐츠 보급 용역,한국환경보전원,정부산하기관및위원회,100000000,10000,1.0,2026-02-24 18:28:20,제한경쟁,기타,재량계약,,최대한,02-3407-1517
R26DD20666203,2026년도 비행시험통제센터 비행시험계측장비 유지보수 용역,항공안전기술원,항공안전기술원,55000000,5500,0.55,2026-02-24 18:08:50,제한경쟁,기타,재량계약,,하창일,032-727-5625
R26DD20666151,승언지구 수리시설개보수사업 건설폐기물처리용역,한국농어촌공사 충남지역본부 서산.태안지사,한국농어촌공사,44368000,4437,0.44,2026-02-24 17:53:19,제한경쟁,건축공사,소액수의,,양진혁,041-660-8523
R26DD20666150,2026년 집진설비 비산재 수거 반출 용역,대구공공시설관리공단,대구광역시,60770000,6077,0.61,2026-02-24 17:53:10,수의계약,기타,재량계약,,김광현,053-603-1822
R26DD20667149,스마트 안전장비의 효과성 검증 체계 방안 ,한국산업안전보건공단 산업안전보건연구원,한국산업안전보건공단,70000000,7000,0.7,2026-02-25 13:28:26,제한경쟁,기타,재량계약,,엄기덕 과장 ,052-703-0851
R26DD20667139,건설업 산업안전보건관리비 사용 실태조사 및 개선 방안 연구 ,한국산업안전보건공단 산업안전보건연구원,한국산업안전보건공단,80000000,8000,0.8,2026-02-25 13:25:40,제한경쟁,기타,재량계약,,정우준 차장,052-703-0855
R26DD20667137,안전·보건관리자 제도(선임 기준 등) 개편 방안,한국산업안전보건공단 산업안전보건연구원,한국산업안전보건공단,150000000,15000,1.5,2026-02-25 13:24:13,제한경쟁,기타,재량계약,,조천호 차장 ,052-703-0852
R26DD20667119,위험성평가 제재 규정 등의 현장 안착을 위한 방안 ,한국산업안전보건공단 산업안전보건연구원,한국산업안전보건공단,70000000,7000,0.7,2026-02-25 13:18:45,제한경쟁,기타,재량계약,,신비오 차장 ,052-703-0853
R26DD20666718,안전책임자 재난관리 역량 강화를 위한 교육과정 개발,행정안전부,행정안전부,36000000,3600,0.36,2026-02-25 09:51:25,제한경쟁,기타,소액수의,,배진우,044-205-4511
R26DD20666714,2026년 초등교사 환경직무연수가정 위탁운영(수도권),환경부 국립환경인재개발원,,50000000,5000,0.5,2026-02-25 09:50:20,제한경쟁,기타,소액수의,,정원철,032-560-7870
R26DD20666704,한양사이버대학교 미들웨어 플랫폼 업그레이드 재구축,한양사이버대학교,한양사이버대학교,44000000,4400,0.44,2026-02-25 09:46:10,일반경쟁,기타,소액수의,,김용석,02-2290-0103
R26DD20667113,사업장의 자율적 참여를 통한 안전보건 규범 이행력 확보 방안 ,한국산업안전보건공단 산업안전보건연구원,한국산업안전보건공단,80000000,8000,0.8,2026-02-25 13:17:08,제한경쟁,기타,재량계약,,김영주 차장,052-703-0848
R26DD20667103,배달종사자 유해위험요인 심층조사 및 재해 예방 방안 ,한국산업안전보건공단 산업안전보건연구원,한국산업안전보건공단,100000000,10000,1.0,2026-02-25 13:10:48,제한경쟁,기타,재량계약,,최윤석 차장 ,052-703-0847
R26DD20667101,청림동 마을 경관개선 가이드라인 수립 및 실시설계 용역,경상북도 포항시,경상북도,200000000,20000,2.0,2026-02-25 13:10:30,일반경쟁,기타,재량계약,,함금희,054-270-3835
R26DD20667099,2026년 농촌용수 수질자동측정망 유지관리 용역,한국농어촌공사 제주지역본부,한국농어촌공사,13188000,1319,0.13,2026-02-25 13:08:44,수의계약,기타,소액수의,,강신명,064-750-8828
R26DD20667095,산업안전보건관리비 계상 의무 적용 업종 확대 방안 마련 ,한국산업안전보건공단 산업안전보건연구원,한국산업안전보건공단,50000000,5000,0.5,2026-02-25 13:06:13,제한경쟁,기타,소액수의,,조천호 차장 ,052-703-0852
R26DD20667086,2026년 숲해설프로그램 운영 사업,서울특별시 강서구,서울특별시,16600000,1660,0.17,2026-02-25 12:57:00,제한경쟁,기타,소액수의,,장인혜,02-2600-6209
R26DD20667081,"율곡이이, 신사임당 영정 보존처리계획 수립 및 보존처리 용역",강원특별자치도 강릉시,강원특별자치도,55000000,5500,0.55,2026-02-25 12:45:06,수의계약,기타,재량계약,,이세완,033-660-3314
R26DD20667078,2026년 강서구 유아숲체험원 운영 사업,서울특별시 강서구,서울특별시,170928000,17093,1.71,2026-02-25 12:16:49,제한경쟁,기타,재량계약,,장인혜,02-2600-6209
R26DD20666630,KEPIC-MO(원전가동중시험) 및 MF(원전기계기기성능검증)분야 2026년 판 개발,(사)대한전기협회                                  ,(사)대한전기협회                                  ,56661000,5666,0.57,2026-02-25 09:20:25,일반경쟁,전기공사,재량계약,,강은하,02-2223-3600
R26DD20666608,2026년 청사 기계설비 성능점검 용역 계약,경찰청 전라남도경찰청,경찰청,10960000,1096,0.11,2026-02-25 09:11:52,수의계약,기계설비공사,소액수의,,조창수,061-289-3137
R26DD20666591,한양사이버대학교 Micorsoft OVS-ES 연간라이선스 갱신 (2026학년도),한양사이버대학교,한양사이버대학교,31150000,3115,0.31,2026-02-25 09:06:35,일반경쟁,기타,소액수의,,김용석,02-2290-0103
R26DD20666585,2026년 해양폐기물 재활용 홍보 ,해양환경공단,정부산하기관및위원회,150000000,15000,1.5,2026-02-25 09:03:53,제한경쟁,기타,재량계약,,강덕환,02-3498-8575
R26DD20666115,2026년 부산경찰청 승강기 유지관리용역,경찰청 부산광역시경찰청,경찰청,85225695,8523,0.85,2026-02-24 17:32:42,제한경쟁,기타,재량계약,,문기성,051-899-2422
R26DD20666101,2026년 소래포구 해양쓰레기 수거처리 용역,인천광역시 남동구,인천광역시,54862500,5486,0.55,2026-02-24 17:26:14,수의계약,기타,재량계약,,장지우,032-453-2265
R26DD20666097,2026년 소래포구 바다쓰레기 수거처리 용역,인천광역시 남동구,인천광역시,89906000,8991,0.9,2026-02-24 17:25:35,수의계약,기타,재량계약,,장지우,032-453-2265
R26DD20667029,원평지지구 취약지역생활여건개조사업 지역역량강화 용역,한국농어촌공사 전북지역본부 무진장지사,한국농어촌공사,181400000,18140,1.81,2026-02-25 11:29:00,일반경쟁,기타,재량계약,,이홍섭,063-350-7012
R26DD20667024,국도22호선 영광 덕호지구 등 7개소 포장도 보수공사 폐기물처리용역,국토교통부 익산지방국토관리청 광주국토관리사무소,국토교통부,149000000,14900,1.49,2026-02-25 11:28:07,제한경쟁,토목공사,재량계약,,석지언,062-970-6313
R26DD20666029,초대형산불 피해지역 회복을 위한 지원 체계 고도화 및 세부 산정기준 연구용역,행정안전부,행정안전부,50000000,5000,0.5,2026-02-24 17:01:28,제한경쟁,기타,소액수의,,조태우,044-205-1272
R26DD20666019,스마트폰 녹음 음성 식별을 위한 오디오 신호처리 기술 고도화 연구,대검찰청,대검찰청,80000000,8000,0.8,2026-02-24 16:59:26,제한경쟁,기타,재량계약,,김경화,***********
R26DD20665964,(긴급) 꿈돌이·꿈순이 초대형 야간 공기 조형물 전시 용역,대전관광공사,대전광역시,154770000,15477,1.55,2026-02-24 16:42:04,제한경쟁,기타,재량계약,,채복석,042-250-1201
R26DD20665955,국가중요어업유산(거제 숭어 망쟁이 들망어업)지정·관리사업 생태어업유산 기록 용역,한국어촌어항공단,한국어촌어항공단,17385000,1738,0.17,2026-02-24 16:38:04,수의계약,기타,소액수의,,박지훈,02-6098-0737
R26DD20667006,「공급망 위험 대응을 위한 필수농자재등 지원에 관한 법률」하위법령 제정안 마련 연구,농림축산식품부,농림축산식품부,45000000,4500,0.45,2026-02-25 11:22:21,제한경쟁,기타,소액수의,,박은재,044-201-1288
R26DD20666977,기업 밸류업 프로그램 백서 발간 용역,(주)한국거래소,(주)한국거래소,67000000,6700,0.67,2026-02-25 11:09:51,일반경쟁,기타,재량계약,,신희관,02-3774-4597
R26DD20666974,원자력안전 전문교수 역량강화 교육과정 개발 및 운영 지원,한국원자력안전재단,한국원자력안전재단,200000000,20000,2.0,2026-02-25 11:08:05,제한경쟁,기타,재량계약,,권민희,031-626-8855
R26DD20666952,국가유산수리 표준시방서 해설서 마련(3차) 연구,전통건축수리기술진흥재단,문화재청,50000000,5000,0.5,2026-02-25 10:57:27,일반경쟁,기타,소액수의,,조수완,031-929-8326
R26DD20665719,2026학년도 통학차량 임차 용역 소액수의 안내 공고,부산성우학교,부산광역시교육청,85950000,8595,0.86,2026-02-24 15:09:07,제한경쟁,기타,재량계약,,백승민,051-727-0846
R26DD20665691,누수보수 현장 적용성 평가,(주)리뉴시스템,(주)리뉴시스템,44000000,4400,0.44,2026-02-24 15:01:11,일반경쟁,기타,소액수의,,정지웅,02-414-0700
R26DD20666872,2026년 서울역사편찬원 발간물 배송 용역,서울특별시 서울역사편찬원,서울특별시,26594700,2659,0.27,2026-02-25 10:15:02,수의계약,기타,소액수의,,박현주,02-413-9625
R26DD20666812,사동 1271-11 부지 도로포장 환경 개선사업 폐기물처리용역,경기도 안산시,경기도,63833000,6383,0.64,2026-02-25 09:58:41,수의계약,토목공사,재량계약,,채호승,031-481-3589
R26DD20666721,2026년 초등교사 환경직무연수과정 위탁 운영(지방),환경부 국립환경인재개발원,,50000000,5000,0.5,2026-02-25 09:52:13,제한경쟁,기타,소액수의,,정원철,032-560-7870
R26DD20666720,2026년 잠실종합운동장(실내체육관 및 제1수영장) 기계설비 성능점검 용역,서울특별시 체육시설관리사업소,서울특별시,39000000,3900,0.39,2026-02-25 09:52:11,수의계약,기계설비공사,소액수의,,정욱,02-2240-8755
R26DD20666707,휴머노이드로봇 실증 지원사업 성과발표회 운영 용역,한국로봇산업진흥원,한국로봇산업진흥원,37949940,3795,0.38,2026-02-25 09:47:17,제한경쟁,기타,소액수의,,류주리,053-210-9963
R26DD20666680,2026 생생 국가유산 활용사업 대행 용역(협상계약),전라남도 순천시,전라남도,67500000,6750,0.68,2026-02-25 09:37:33,제한경쟁,기타,재량계약,,김도연,061-749-5680
R26DD20666654,2026 강원 해외 온라인 디지털 통합마케팅(SNS) 대행용역,재단법인강원관광재단,강원특별자치도,72700000,7270,0.73,2026-02-25 09:27:28,제한경쟁,기타,재량계약,,윤정원,033-269-8975
R26DD20666649,서울대공원 일본원숭이동산 리모델링 공사 건설폐기물 처리용역,서울특별시,서울특별시,157650000,15765,1.58,2026-02-25 09:26:55,제한경쟁,건축공사,재량계약,,황철현,02-500-7415
R26DD20666640,유해화학물질 생애주기 추적 연구,기후에너지환경부 화학물질안전원,기후에너지환경부,100000000,10000,1.0,2026-02-25 09:22:51,제한경쟁,기타,재량계약,,석재원,043-830-4035
R26DD20666620,2026 하남뮤직페스티벌 뮤직 人 The 하남 행사 대행·안전관리 운영 용역,재단법인 하남문화재단,경기도,140000000,14000,1.4,2026-02-25 09:17:09,제한경쟁,기타,재량계약,,이혜린,031-790-7971
R26DD20666414,국지도 15호선 장성 북이 사거리 교차로 개선사업 폐아스콘 처리용역,전라남도,전라남도,52830000,5283,0.53,2026-02-24 22:02:57,수의계약,기타,재량계약,,이지현,061-286-3672
R26DD20666719,범우리공원 유아숲 체험원 위탁 운영,경상북도 예천군,경상북도,55000000,5500,0.55,2026-02-25 09:51:32,수의계약,기타,재량계약,,최신설,054-650-6326
R26DD20666625,2026년 미술관 및 비엔날레관 기계설비 성능점검 용역,광주광역시 시립미술관,광주광역시,5340000,534,0.05,2026-02-25 09:18:48,수의계약,기계설비공사,소액수의,,최승현,062-613-7146
R26DD20666210,서울송파우체국 아파트전담 소포위탁 배달 용역(잠실래미안아이파크및르엘(아파트/상가)),과학기술정보통신부 우정사업본부 서울지방우정청,과학기술정보통신부,60000000,6000,0.6,2026-02-24 18:11:15,제한경쟁,기타,재량계약,,유제학,02-6967-9151
R26DD20666191,2026년 해양수산부 공공데이터 품질관리 역량 강화,해양수산부,해양수산부,120000000,12000,1.2,2026-02-24 18:03:02,제한경쟁,기타,재량계약,,김용겸,051-773-5214
R26DD20665915,전북권역 재활병원･공공어린이 재활센터 연계 건립 사업 건설폐기물(폐스치로폼) 처리용역,(재)예수병원유지재단,보건복지부,10100000,1010,0.1,2026-02-24 16:28:47,수의계약,기타,소액수의,,홍정은,063-230-8561
R26DD20665856,미니픽 및 감염동물시험연구동 생물안전 3등급 연구시설(ABL3 및 BL3) 유지관리용역,한국화학연구원부설국가독성과학연구소,한국화학연구원,104000000,10400,1.04,2026-02-24 16:06:19,제한경쟁,기타,재량계약,,한상본,042-610-8142
R26DD20665727,서울 영테크 재무상담 모니터링 용역,서울특별시,서울특별시,80000000,8000,0.8,2026-02-24 15:13:59,제한경쟁,기타,재량계약,,박광호,02-2133-6578
R26DD20665701,제천시 송학면 오미리 등 2개소 기본·시행계획 수립 및 실시설계 용역,세명대학교 산학협력단,세명대학교,60000000,6000,0.6,2026-02-24 15:03:00,일반경쟁,기타,재량계약,,박현준,043-649-1783
R26DD20665683,대전성모초등학교 2026학년도 통학차량 전세버스 임차용역,대전광역시동부교육청 대전성모초등학교,대전광역시교육청,64704000,6470,0.65,2026-02-24 14:57:41,일반경쟁,기타,재량계약,,박슬기,042-255-6145
R26DD20666283,2026년 전통문화산업조사 연구,재단법인 한국공예디자인문화진흥원,재단법인 한국공예디자인문화진흥원,185500000,18550,1.85,2026-02-24 19:21:55,제한경쟁,기타,재량계약,,조강선,02-398-1692
R26DD20666282,국도38호선 당진3권역 포장도 보수공사 건설폐기물처리용역,국토교통부 대전지방국토관리청 예산국토관리사무소,국토교통부,172370000,17237,1.72,2026-02-24 19:20:49,제한경쟁,토목공사,재량계약,,김원채,041-330-6517
R26DD20666054,제주도립미술관 민간투자시설사업(BTL) 관리이행계획 수립용역 ,제주특별자치도,제주특별자치도,110000000,11000,1.1,2026-02-24 17:08:13,제한경쟁,기타,재량계약,,문인형,064-710-6594
R26DD20665974,2026년 천안AI꿈키움터 체험프로그램 참가 전세버스 임차용역,충청남도교육청 충청남도천안교육지원청,충청남도교육청,164160000,16416,1.64,2026-02-24 16:44:18,제한경쟁,기타,재량계약,,허우,041-529-0645
R26DD20665966,"[연구,096] 2026년 원헬스 기반의 인수공통감염병 연차보고서 발간 연구",질병관리청,질병관리청,40000000,4000,0.4,2026-02-24 16:42:13,제한경쟁,기타,소액수의,,오진아,043-719-7170
R26DD20665962,서귀포시 신풍리 마을공동체 역량강화 컨설팅 지원용역,한국어촌어항공단,한국어촌어항공단,14000000,1400,0.14,2026-02-24 16:40:28,수의계약,기타,소액수의,,박지훈,02-6098-0737
R26DD20665668,2026년 길고양이 중성화 사업 용역(2권역),경기도 양평군 농업기술센터,경기도,98400000,9840,0.98,2026-02-24 14:54:08,제한경쟁,기타,재량계약,,이대광 주무관,031-770-3644
R26DD20667183,여수 금오도 지방도 정비공사 착공식 대행 용역,전라남도,전라남도,50000000,5000,0.5,2026-02-25 13:35:26,수의계약,기타,소액수의,,이수연,061-286-3678
R26DD20667145,BIO KOREA 2026 행사용역,재단법인충북테크노파크,충청북도,82500000,8250,0.82,2026-02-25 13:27:55,일반경쟁,기타,재량계약,,김수연,043-270-2578
R26DD20667088,2026년 농업용관정 지하수영향조사 및 사후관리 용역,세종특별자치시,세종특별자치시,102900000,10290,1.03,2026-02-25 12:58:54,제한경쟁,기타,재량계약,,배성철,044-300-2753
R26DD20667076,2026년 우장근린공원 힐링체험센터 운영 사업,서울특별시 강서구,서울특별시,113000000,11300,1.13,2026-02-25 12:15:26,제한경쟁,기타,재량계약,,장인혜,02-2600-6209
R26DD20667023,2026년 학교 내 불법촬영 카메라 점검 용역,충청남도교육청 충청남도논산계룡교육지원청,충청남도교육청,25200000,2520,0.25,2026-02-25 11:27:58,제한경쟁,기타,소액수의,,오경숙,041-730-7186
R26DD20667001,(기기) 해석 프로그램(Ansys CFD Premium) 유지보수,오송첨단의료산업진흥재단,오송첨단의료산업진흥재단,33000000,3300,0.33,2026-02-25 11:20:56,제한경쟁,기타,소액수의,,송민진,043-200-9134
R26DD20666988,2026년 관내 하수도 준설토 운반 및 처리 용역,서울특별시 마포구,서울특별시,200000000,20000,2.0,2026-02-25 11:15:16,제한경쟁,기타,재량계약,,류희성,02-3153-9816
R26DD20666984,제22회 국제소방안전박람회 전시부스 설치용역,(주)엑스코,(주)엑스코,98610000,9861,0.99,2026-02-25 11:12:52,제한경쟁,소방공사,재량계약,,도방원,053-601-5024
R26DD20666906,"휴대 무선통신기기 EMF분야 평가기술(흡수전력밀도, 동시노출 등) 개선 연구",과학기술정보통신부 국립전파연구원,과학기술정보통신부,90000000,9000,0.9,2026-02-25 10:26:29,제한경쟁,전기공사,재량계약,,유병규,061-338-4572
R26DD20666905,2026년 장례식장 다회용기 대여.세척 용역(단가계약),경기도 평택시,경기도,150594000,15059,1.51,2026-02-25 10:26:28,수의계약,기타,재량계약,,강신현,031-8024-3768
R26DD20666903,성주지사 사옥 등 정수기 및 비데 렌탈,한국농어촌공사 경북지역본부 성주지사,한국농어촌공사,4435270,444,0.04,2026-02-25 10:25:58,수의계약,기타,소액수의,,유경,054-930-0714
R26DD20666896,무선전력전송 전자파 평가방법 표준화 연구 및 전자파 통합 안전모듈 개발 선행연구,과학기술정보통신부 국립전파연구원,과학기술정보통신부,76000000,7600,0.76,2026-02-25 10:24:19,제한경쟁,전기공사,재량계약,,이상빈,061-338-4573
R26DD20666882,2026년 서울역사편찬원 발간물 운영 용역 계약,서울특별시 서울역사편찬원,서울특별시,21439000,2144,0.21,2026-02-25 10:18:16,수의계약,기타,소액수의,,박현주,02-413-9625
R26DD20667276,국도42호선 횡성 안흥-방림 도로건설공사 임목폐기물 처리용역(6차),국토교통부 원주지방국토관리청,국토교통부,122000000,12200,1.22,2026-02-25 14:03:02,제한경쟁,토목공사,재량계약,,이준범,033-769-5723
R26DD20667267,세대별 관광행태 분석 및 활용방안,한국관광공사,한국관광공사,129720000,12972,1.3,2026-02-25 13:59:32,제한경쟁,기타,재량계약,,김임경,033-738-3461
R26DD20667250,인천시민의 생체시료를 활용한 화학물질 노출평가 용역,가천대학교 산학협력단,가천대학교 산학협력단,73062000,7306,0.73,2026-02-25 13:53:31,제한경쟁,기타,재량계약,,김보영,032-820-4077
R26DD20667220,광양항 북측배후단지 조성공사 건설폐기물(폐토석) 처리 용역,여수광양항만공사,여수광양항만공사,75460000,7546,0.75,2026-02-25 13:41:02,수의계약,기타,재량계약,,박동현,061-797-4528
R26DD20666845,삼상초 공간재구조화 리모델링 공사 건설폐기물 처리용역,경기도교육청 경기도동두천양주교육지원청,경기도교육청,55462000,5546,0.55,2026-02-25 10:05:36,수의계약,건축공사,재량계약,,김나영,031-860-4382
R26DD20666815,2026년 업무용차량 자동차보험 가입,가축위생방역지원본부,가축위생방역지원본부,70000000,7000,0.7,2026-02-25 10:01:02,일반경쟁,기타,재량계약,,성현진,044-550-5500
R26DD20666793,복합 노인복지센터 건립공사 폐기물처리용역 ,경기도 안산시,경기도,24431000,2443,0.24,2026-02-25 09:57:29,수의계약,기타,소액수의,,양재민,031-481-2394
R26DD20666542,2026년 서울어린이대공원 적환장 폐기물 처리용역,서울시설공단,서울특별시,80432000,8043,0.8,2026-02-25 08:24:23,수의계약,기타,재량계약,,한창대,02-450-9305
R26DD20666981,"2026년 국경일 가로기 게양, 관리 및 철거 용역",충청북도 청주시 서원구,충청북도,18480000,1848,0.18,2026-02-25 11:12:31,수의계약,기타,소액수의,,나준혁,043-201-6017
R26DD20666959,2026년 전통건축부재보존센터 종합적유해생물관리(IPM) 용역,전통건축수리기술진흥재단,문화재청,16000000,1600,0.16,2026-02-25 11:01:37,제한경쟁,건축공사,소액수의,,조수완,031-929-8323
R26DD20666695,2026학년도 수명중학교 2학년 수련활동 위탁용역 입찰 공고,서울특별시교육청 서울특별시강서교육청 수명중학교,서울특별시교육청,51644000,5164,0.52,2026-02-25 09:43:16,제한경쟁,기타,재량계약,,양연희,02-6738-1202
R26DD20666676,군인공제회 회원수지 추계 모델 구축 연구용역,군인공제회,군인공제회,50000000,5000,0.5,2026-02-25 09:36:15,일반경쟁,기타,소액수의,,김동석,02-2190-2057
R26DD20666564,ERP 서버 이관 용역,제주국제자유도시개발센터,제주국제자유도시개발센터,119880000,11988,1.2,2026-02-25 08:54:43,제한경쟁,기타,재량계약,,정수영,064-797-5734
R26DD20667334,2026학년도 농산어촌 지역 순회 방과후학교 전문강사제 프로그램 위탁 용역,경상북도교육청 경상북도영천교육지원청,경상북도교육청,29970000,2997,0.3,2026-02-25 14:16:23,제한경쟁,기타,소액수의,,문영원,054-330-2432
R26DD20667277,2026학년도 해강중학교 2학년 현장체험학습 차량 임차 용역,부산광역시교육청 부산광역시해운대교육청 해강중학교,부산광역시교육청,26884000,2688,0.27,2026-02-25 14:03:03,제한경쟁,기타,소액수의,,정연복,051-740-2707
R26DD20666205,전통시장 주차장 건립 철거공사 건설폐기물 처리용역,경상북도 고령군,경상북도,82671000,8267,0.83,2026-02-24 18:09:55,제한경쟁,기타,재량계약,,김진실,054-950-6132
R26DD20667141,작업중지(사업주) 제도 활성화를 위한 우수사례 발굴 및 확산 방안 ,한국산업안전보건공단 산업안전보건연구원,한국산업안전보건공단,70000000,7000,0.7,2026-02-25 13:26:54,제한경쟁,기타,재량계약,,김영주 차장 ,052-703-0848
R26DD20667135,지붕･태양광 공사 추락재해 예방 안전시설･장비 연구개발,한국산업안전보건공단 산업안전보건연구원,한국산업안전보건공단,80000000,8000,0.8,2026-02-25 13:22:58,제한경쟁,기타,재량계약,,정우준 차장 ,052-703-0855
R26DD20667126,2026년도 임직원 단체보험 가입용역,(재)경기테크노파크,재단법인(X),37914000,3791,0.38,2026-02-25 13:20:28,수의계약,기타,소액수의,,한수련,031-500-3101
R26DD20667091,무등산권 세계지질공원센터 재해예방 정비공사 건설재해예방 기술지도 용역,광주광역시 수목원.정원사업소,광주광역시,900000,90,0.01,2026-02-25 13:02:03,수의계약,기타,소액수의,,박지은,062-613-7852
R26DD20667083,2026년 깨끗한 쓰레기처리 감시원 차량 임차 용역,경기도 김포시,경기도,43120000,4312,0.43,2026-02-25 12:49:05,제한경쟁,기타,소액수의,,고형섭,031-980-2769
R26DD20666705,2026년 관내 도로 재포장 정비공사(2공구) 폐기물 처리용역,대전광역시,대전광역시,195418000,19542,1.95,2026-02-25 09:46:35,제한경쟁,토목공사,재량계약,,진재호,042-270-8863
R26DD20666369,2026년도 용인 청년 워크 브릿지 위탁 용역,경기도 용인시,경기도,30000000,3000,0.3,2026-02-24 20:38:25,수의계약,기타,소액수의,,이은설,031-6193-2795
R26DD20666353,국도38호선 태안3권역 포장도 보수공사 건설폐기물처리용역,국토교통부 대전지방국토관리청 예산국토관리사무소,국토교통부,176550000,17655,1.77,2026-02-24 20:19:03,제한경쟁,토목공사,재량계약,,김원채,041-330-6517
R26DD20666617,2026년 부천시 도시계획정보체계(UPIS) DB 현행화 용역,경기도 부천시,경기도,60000000,6000,0.6,2026-02-25 09:16:09,제한경쟁,기타,재량계약,,구보영,032-625-3436
R26DD20666595,장평면 기초생활거점 조성사업 폐기물 처리용역,전라남도 장흥군,전라남도,77645000,7764,0.78,2026-02-25 09:08:51,수의계약,기타,재량계약,,하정욱,061-860-6643
R26DD20666562,2026학년도 유구중학교 3학년 국외 현장체험학습 위탁용역,충청남도교육청 충청남도공주교육지원청 유구중학교,충청남도교육청,70676330,7068,0.71,2026-02-25 08:53:32,제한경쟁,기타,재량계약,,유정희,041-841-2901
R26DD20665927,가경 홍골지구 주차장 조성사업 재해예방 기술지도용역,충청북도 청주시,충청북도,1320000,132,0.01,2026-02-24 16:31:11,수의계약,기타,소액수의,,임준성,043-201-2372
R26DD20665911,해월마을 교차로 개선사업 폐기물 처리용역,충청남도 논산시,충청남도,49930000,4993,0.5,2026-02-24 16:27:39,수의계약,기타,소액수의,,박지용,041-746-6494
R26DD20666269,나주 마한고도 지정 타당성 조사 용역,전라남도 나주시,전라남도,200000000,20000,2.0,2026-02-24 19:04:50,일반경쟁,기타,재량계약,,박윤철,061-339-8152
R26DD20666193,2026학년도 강일여자고등학교 2학년 현장체험학습(테마학습여행) 위탁용역 입찰 공고 (2단계 규격 - 가격 분리 동시입찰)(긴급),강원특별자치도교육청 강일여자고등학교,강원특별자치도교육청,150646560,15065,1.51,2026-02-24 18:04:22,제한경쟁,기타,재량계약,,박수영,033-650-0706
R26DD20666183,2026 광주인권상 시상식 행사대행 용역,(재)5.18기념재단,(재)5.18기념재단,115000000,11500,1.15,2026-02-24 17:59:15,제한경쟁,기타,재량계약,,김혜선,062-360-0535
R26DD20666050,관내 지방하천.소하천 유지관리 장비(굴삭기) 임차 용역,대전광역시 유성구,대전광역시,46200000,4620,0.46,2026-02-24 17:07:09,수의계약,토목공사,소액수의,,김은희,042-611-2484
R26DD20666049,2026년 산불감시 계류형 드론 임차 용역,울산광역시 울주군,울산광역시,53361000,5336,0.53,2026-02-24 17:06:45,수의계약,기타,재량계약,,박민수,052-204-1726
R26DD20666030,(긴급)2026학년도 강릉영동대학교 야구부 운행 버스 임차 용역 입찰 공고(재입찰),강릉영동대학,교육부,105000000,10500,1.05,2026-02-24 17:01:42,제한경쟁,기타,재량계약,,백예은,033-610-0445
R26DD20667406,서원구청 내 바닥 왁스 청소 용역,충청북도 청주시 서원구,충청북도,7280000,728,0.07,2026-02-25 14:38:36,수의계약,기타,소액수의,,임규석,043-201-6046
R26DD20665947,류마티스 관절염 환자 스테로이드 감량  프로토콜 검증 용역_PA202600161,서울대학교산학협력단,서울대학교산학협력단,181289020,18129,1.81,2026-02-24 16:36:34,제한경쟁,기타,재량계약,,이영주,02-880-2122
R26DD20665944,글로벌 점프업 팩토리 2026: Italy Edition 해외연수 위탁 용역,대구한의대학교 산학협력단,대구한의대학교,95900000,9590,0.96,2026-02-24 16:35:56,일반경쟁,기타,재량계약,,윤인영,053-819-7816
R26DD20665934,남영덕 하이패스IC(고속국도 65호선) 추가설치 타당성 조사 용역,경상북도 영덕군,경상북도,120000000,12000,1.2,2026-02-24 16:33:44,제한경쟁,기타,재량계약,,김경호,054-730-6454
R26DD20665914,미국 해치법 사례 등을 통한 공무원 인사법령 정비방안 연구,인사혁신처,인사혁신처,40000000,4000,0.4,2026-02-24 16:28:38,제한경쟁,기타,소액수의,,우병재,044-201-8316
R26DD20665768,2026년 광명시 찾아가는 생활안전교육 용역,경기도 광명시,경기도,29990000,2999,0.3,2026-02-24 15:31:49,수의계약,기타,소액수의,,송현준,02-2680-6025
R26DD20665766,2026학년도 아이사랑유치원 통학차량 임차용역 입찰 공고,충청남도교육청 충청남도아산교육지원청 아이사랑유치원,충청남도교육청,63360000,6336,0.63,2026-02-24 15:31:09,제한경쟁,기타,재량계약,,김은경,041-542-8881
R26DD20665747,천안시 체육발전 5개년 계획수립 학술용역,충청남도 천안시,충청남도,40000000,4000,0.4,2026-02-24 15:22:46,수의계약,기타,소액수의,,류하연,041-521-5293
R26DD20666096, 2026년 재활용품 유가보상 플랫폼 구축·운영 용역,인천광역시 남동구,인천광역시,30000000,3000,0.3,2026-02-24 17:24:59,제한경쟁,기타,소액수의,,장지우,032-453-2265
R26DD20666011,지역맞춤형 공공기관 이전유치 전략수립 용역,경상북도 영천시,경상북도,46500000,4650,0.47,2026-02-24 16:57:48,제한경쟁,기타,소액수의,,한남혁,054-330-6024
R26DD20665991,2026년 물관리자동화시스템 유지관리 용역,한국농어촌공사 강원지역본부 속초.고성.양양지사,한국농어촌공사,9733000,973,0.1,2026-02-24 16:51:52,수의계약,기타,소액수의,,이예솔,033-630-0110
R26DD20665868,제4기 학생인권종합계획(2027~2029) 수립을 위한 기초연구(실태조사) 위탁용역,서울특별시교육청,서울특별시교육청,46831000,4683,0.47,2026-02-24 16:09:08,제한경쟁,기타,소액수의,,황정은,02-399-9050
R26DD20665866,2026년 한국 천주교 공예자료 조사연구,서울특별시 서울공예박물관,서울특별시,54000000,5400,0.54,2026-02-24 16:09:01,제한경쟁,기타,재량계약,,서지민,02-6450-7052
R26DD20665860,관광-항공 연계 지역 인바운드 관광 활성화 중장기 전략 수립 연구,한국관광공사,한국관광공사,99495000,9950,0.99,2026-02-24 16:07:31,제한경쟁,기타,재량계약,,임소연,033-738-3210
R26DD20665859,2026년 해외 연구인력 경력개발 콘텐츠 제작 및 홍보지원 용역,국가과학기술인력개발원,국가과학기술인력개발원,105000000,10500,1.05,2026-02-24 16:07:24,제한경쟁,기타,재량계약,,박수진,043-251-7121
R26DD20665745,중구 광고형 홍보 영상 제작 용역,서울특별시 중구,서울특별시,200000000,20000,2.0,2026-02-24 15:22:00,제한경쟁,기타,재량계약,,황수빈,02-3396-4977
R26DD20665731,연안경제·관광 정책지원 모니터링 플랫폼 운영사업,한국해양수산개발원,한국해양수산개발원,80000000,8000,0.8,2026-02-24 15:17:09,제한경쟁,기타,재량계약,,최일선,051-797-4727
R26DD20665711,2026년 온라인 평생학습 콘텐츠 임차 용역,대구광역시행복진흥사회서비스원,대구광역시,48000000,4800,0.48,2026-02-24 15:05:53,일반경쟁,기타,소액수의,,하다교,053-210-5617
R26DD20665705,2026년 광주예술의전당 특별청소 용역,광주광역시 예술의전당,광주광역시,16200000,1620,0.16,2026-02-24 15:03:52,수의계약,기타,소액수의,,박미선,062-613-8348
R26DD20667222,정상인에서 안면망진 기반 감정 반응과 뇌 신경조절의 상관성 규명을 위한 파일럿 연구,한국한의학연구원,한국한의학연구원,50000000,5000,0.5,2026-02-25 13:41:25,제한경쟁,기타,소액수의,,이정호,042-868-9495
R26DD20667211,의료기기 시험 검사 통합관리시스템 유지 보수 및 고도화 용역,대구경북첨단의료산업진흥재단,대구경북첨단의료산업진흥재단,99000000,9900,0.99,2026-02-25 13:39:33,제한경쟁,기타,재량계약,,이명은,053-790-5121
R26DD20667154,중대재해처벌법 수사 역량 강화 ,한국산업안전보건공단 산업안전보건연구원,한국산업안전보건공단,100000000,10000,1.0,2026-02-25 13:30:02,제한경쟁,기타,재량계약,,최윤석 차장 ,052-703-0847
R26DD20666442,2026년 부산광역시교육청다문화교육지원센터 센터형·지역형 다문화감수성교실 운영 용역,부산광역시교육청,부산광역시교육청,30000000,3000,0.3,2026-02-25 01:00:10,제한경쟁,기타,소액수의,,손정민,051-860-0743
R26DD20666327,국도38호선 태안2권역 포장도 보수공사 건설폐기물처리용역,국토교통부 대전지방국토관리청 예산국토관리사무소,국토교통부,193930000,19393,1.94,2026-02-24 19:59:14,제한경쟁,토목공사,재량계약,,김원채,041-330-6517
R26DD20665687,선불식 할부거래 통합정보제공 플랫폼 구축 사업 감리용역,공정거래위원회,공정거래위원회,40000000,4000,0.4,2026-02-24 14:58:52,제한경쟁,기타,소액수의,,정현진,044-200-4204
R26DD20665677,탄소국경조정 대응 국제인정협력기구 국제상호인정 수립 방안 연구(Ⅰ),기후에너지환경부 국립환경과학원,기후에너지환경부,100000000,10000,1.0,2026-02-24 14:56:03,제한경쟁,기타,재량계약,,박희민,032-560-7032
R26DD20665675,먹는물 수질기준 중 유기물 지표 개선 연구(Ⅲ),기후에너지환경부 국립환경과학원,기후에너지환경부,105000000,10500,1.05,2026-02-24 14:55:27,제한경쟁,기타,재량계약,,박희민,032-560-7032
R26DD20665654,삼간지구 수리시설개보수사업 폐기물처리용역,한국농어촌공사 전북지역본부 부안지사,한국농어촌공사,106263000,10626,1.06,2026-02-24 14:51:19,수의계약,건축공사,재량계약,,박채원,063-580-1028
R26DD20665849,경수로 SMR 생명주기 기반 사이버보안 규제 요구분석 및 체계화 연구,한국원자력통제기술원,한국원자력통제기술원,54227000,5423,0.54,2026-02-24 16:02:07,제한경쟁,기타,재량계약,,이수봉,042-860-9865
R26DD20665842,내동 연지성당 일원 노후관로 교체공사 폐기물처리 용역,경상남도 김해시,경상남도,108500000,10850,1.08,2026-02-24 16:00:34,수의계약,기타,재량계약,,강봉주,055-330-3907
R26DD20666301,2026년 한국에너지대상 기획 및 운영,한국에너지공단,한국에너지공단,85000000,8500,0.85,2026-02-24 19:35:07,제한경쟁,기타,재량계약,,정나래,052-920-0312
R26DD20666289,국도38호선 서산권역 포장도 보수공사 건설폐기물처리용역,국토교통부 대전지방국토관리청 예산국토관리사무소,국토교통부,104280000,10428,1.04,2026-02-24 19:27:39,제한경쟁,토목공사,재량계약,,김원채,041-330-6517
R26DD20666236,2026년 스마트 그린도시 수상식물원 유지·관리용역[단가],충청북도 진천군,충청북도,53616000,5362,0.54,2026-02-24 18:31:05,수의계약,기타,재량계약,,정은영,043-539-3442
R26DD20666225,2026년 수돗물 신뢰제고 및 상수도 정책 등 홍보사업,기후에너지환경부,기후에너지환경부,197000000,19700,1.97,2026-02-24 18:20:15,제한경쟁,기타,재량계약,,박인호,044-201-6263
R26DD20665630,"영등포 재개발, 재건축 현장상담센터 운영 용역",서울특별시 영등포구,서울특별시,170000000,17000,1.7,2026-02-24 14:45:13,제한경쟁,건축공사,재량계약,,박현진,02-2670-3535
R26DD20665626,2026년 중랑물재생센터 탈취시설 복합악취 측정용역,서울특별시 물재생센터 중랑물재생센터,서울특별시,15922500,1592,0.16,2026-02-24 14:43:22,수의계약,기타,소액수의,,현정인,02-2211-2509
R26DD20666111,SNP를 이용한 친족관계 분석툴 고도화 사업(2차년),대검찰청,대검찰청,50000000,5000,0.5,2026-02-24 17:32:17,제한경쟁,기타,소액수의,,이한철,02-3480-2155
R26DD20665811,마산재활용품선별장 트럭탑재형 집게크레인 임차용역 단가계약,환경에너지솔루션 주식회사,경기도 수원시,39702320,3970,0.4,2026-02-24 15:48:30,수의계약,기타,소액수의,,오상석,055-272-0716
R26DD20665810,장기미집행 진부도시계획도로(소로2-25호) 개설공사 폐기물처리용역,강원특별자치도 평창군,강원특별자치도,41911000,4191,0.42,2026-02-24 15:48:20,제한경쟁,토목공사,소액수의,,김명규,033-330-2088
R26DD20665803,2026 가로등 통합 점소등시스템 유지관리 용역,서울특별시,서울특별시,128141200,12814,1.28,2026-02-24 15:45:57,제한경쟁,기타,재량계약,,홍해룡,02-2133-1674
R26DD20665797,반포중학교 공동교육과정 편성 주간 차량임차,충청남도교육청 충청남도공주교육지원청 반포중학교,충청남도교육청,600000,60,0.01,2026-02-24 15:43:37,수의계약,기타,소액수의,,이선민,041-857-3150
R26DD20665789,2026년 개인정보보호 및 정보보안 수준진단 컨설팅,한국산업기술진흥원,한국산업기술진흥원,167000000,16700,1.67,2026-02-24 15:40:11,제한경쟁,기타,재량계약,,유진주,02-6009-3202
R26DD20665784,육상폐기물 해양유입 저감을 위한 차단시설 설치연구,해양환경공단,정부산하기관및위원회,100000000,10000,1.0,2026-02-24 15:37:04,제한경쟁,기타,재량계약,,김현수,02-3498-8573
R26DD20665813,가북면 소재지 건축물 해체 폐기물처리용역,경상남도 거창군 농업기술센터,경상남도,49137000,4914,0.49,2026-02-24 15:50:39,수의계약,건축공사,소액수의,,류상현,055-940-8123
R26DD20667021,국도1호선 나주 장산지구 등 9개소 포장도 보수공사 폐기물처리용역,국토교통부 익산지방국토관리청 광주국토관리사무소,국토교통부,163000000,16300,1.63,2026-02-25 11:27:48,제한경쟁,토목공사,재량계약,,석지언,062-970-6313
R26DD20667388,2026년 서서울호수공원 산사태 예방사업 재해예방 기술지도용역,서울특별시 서부공원여가센터,서울특별시,836000,84,0.01,2026-02-25 14:34:35,제한경쟁,기타,소액수의,,신혜경,070-7729-9400
R26DD20667131,위험기계 안전인증·검사 대상품목 정비,한국산업안전보건공단 산업안전보건연구원,한국산업안전보건공단,80000000,8000,0.8,2026-02-25 13:21:35,제한경쟁,기타,재량계약,,조천호 차장 ,052-703-0852
R26DD20667111,안전보건교육 의무 단계적 확대 방안 ,한국산업안전보건공단 산업안전보건연구원,한국산업안전보건공단,60000000,6000,0.6,2026-02-25 13:15:19,제한경쟁,기타,재량계약,,최윤석 차장 ,052-703-0847
R26DD20667090,2026년 도로시설물 유지보수공사 등 4개소 건설폐기물 처리용역,서울특별시 강북구,서울특별시,44030000,4403,0.44,2026-02-25 13:01:56,제한경쟁,토목공사,소액수의,,유민정,02-901-5836
R26DD20667089,동두천시 환경계획(2027~2035) 수립용역,경기도 동두천시,경기도,79820000,7982,0.8,2026-02-25 12:59:14,제한경쟁,기타,재량계약,,석현준,031-860-2177
R26DD20666537,2026년 서울AI스마트시티센터 주말 운영 용역,재단법인서울에이아이재단,,110000000,11000,1.1,2026-02-25 08:18:04,제한경쟁,기타,재량계약,,황형선,02-570-4656
R26DD20666947,2026년 익산시 기간제근로자 단체보험 가입 용역,전북특별자치도 익산시,전북특별자치도,125000000,12500,1.25,2026-02-25 10:54:28,일반경쟁,기타,재량계약,,이중민,063-859-5178
R26DD20666290,2026학년도 덕산중학교 2학년 학생수련활동 위탁용역,서울특별시서부교육청 덕산중학교,서울특별시교육청,35439000,3544,0.35,2026-02-24 19:28:33,제한경쟁,기타,소액수의,,배현정,02-3146-7294
R26DD20666261,제33기 공기업고급경영자과정 국외현장시찰 용역업체선정(남프랑스)_PA202600233,서울대학교산학협력단,서울대학교산학협력단,189000000,18900,1.89,2026-02-24 18:54:01,제한경쟁,기타,재량계약,,이영주,02-880-2122
R26DD20666099,2026학년도 학성여자중학교 수학여행 및 현장체험학습 차량 임차용역,울산광역시강북교육청 학성여자중학교,울산광역시교육청,25200000,2520,0.25,2026-02-24 17:25:43,수의계약,기타,소액수의,,송정희,052-247-2384
R26DD20666083,2026년도 수풀로 탐방 프로그램 운영·관리 용역,한국환경보전원,정부산하기관및위원회,200000000,20000,2.0,2026-02-24 17:17:34,제한경쟁,기타,재량계약,,최대한,02-3407-1517
R26DD20666082,2026년 보건지소 청소용역(만경보건지소 등 14개소),전북특별자치도 김제시,전북특별자치도,34366000,3437,0.34,2026-02-24 17:17:33,수의계약,소방공사,소액수의,,황수정,063-540-1318
R26DD20665963,신안군 하의웅곡 부잔교 실시설계용역,한국어촌어항공단,한국어촌어항공단,14000000,1400,0.14,2026-02-24 16:41:10,수의계약,기타,소액수의,,박지훈,02-6098-0737
R26DD20666214,2026년 광화문광장 시설관리 용역,서울특별시,서울특별시,121797000,12180,1.22,2026-02-24 18:12:54,제한경쟁,기타,재량계약,,김현수,02-2133-7735
R26DD20666046,2026년 소규모 공동주택 안전점검 용역,충청남도 천안시,충청남도,79885000,7988,0.8,2026-02-24 17:05:48,수의계약,기타,재량계약,,류하연,041-521-5293
R26DD20666010,시민참여 활성화를 위한 정책 큐레이터 제도 도입 방안 및 시민참여기본법 시행령 제정(안) 연구용역,행정안전부,행정안전부,45000000,4500,0.45,2026-02-24 16:57:18,제한경쟁,기타,소액수의,,조태우,044-205-1272
R26DD20667383,2026 창원특례시 시민화합 한마음생활체육대축전 개회식 대행 용역,창원시체육회,경상남도 창원시,48000000,4800,0.48,2026-02-25 14:32:54,수의계약,기타,소액수의,,김하빈,055-282-8449
R26DD20666416,제6기(2027~2030) 계양구 지역사회보장계획 수립 연구용역,인천광역시 계양구,인천광역시,30000000,3000,0.3,2026-02-24 22:06:16,수의계약,기타,소액수의,,김자령,032-450-5363
R26DD20666370,대곡(리도207호선)아스콘포장공사폐기물처리용역,경상북도 청도군,경상북도,49346000,4935,0.49,2026-02-24 20:39:15,수의계약,토목공사,소액수의,,이재희,054-370-2327
R26DD20665987,2026년도 예비 베스트직업훈련기관(BHA) 워크숍 및 베스트직업훈련기관(BHA) 협약식 운영 용역,한국기술교육대학교 직업능력심사평가원,한국기술교육대학교,192229060,19223,1.92,2026-02-24 16:50:00,제한경쟁,기타,재량계약,,김희영,16445113
R26DD20665957,재난국민성금제도 일원화 방안 연구 용역,행정안전부,행정안전부,80000000,8000,0.8,2026-02-24 16:38:30,제한경쟁,기타,재량계약,,박경민,044-205-5338
R26DD20665952,2026년 인신매매등 실태조사 연구,성평등가족부,성평등가족부,200000000,20000,2.0,2026-02-24 16:37:27,제한경쟁,기타,재량계약,,정민정,02-2100-6451
R26DD20665951,흑석사거리 일원 하수관로 개선공사 건설폐기물 처리용역,광주광역시 광산구,광주광역시,41560000,4156,0.42,2026-02-24 16:37:16,제한경쟁,기타,소액수의,,김성준,062-960-8573
R26DD20665907,논산시 군복무 청년 상해보험 지원사업 용역,충청남도 논산시,충청남도,40890000,4089,0.41,2026-02-24 16:26:17,수의계약,기타,소액수의,,윤제진,041-746-5763
R26DD20665712,KBSI 연구데이터 리포지터리 개선,한국기초과학지원연구원,한국기초과학지원연구원,58818000,5882,0.59,2026-02-24 15:06:26,제한경쟁,기타,재량계약,,안정무,042-865-3581
R26DD20667351,2026년 청주국제공항 사업장생활계폐기물 위탁처리 용역,한국공항공사 김포공항,한국공항공사,117417300,11742,1.17,2026-02-25 14:23:28,제한경쟁,기타,재량계약,,이다희,02-2660-4080
R26DD20667337,2026학년도 농산어촌 지역 순회 방과후학교 전문강사제 프로그램 위탁 용역,경상북도교육청 경상북도영천교육지원청,경상북도교육청,29970000,2997,0.3,2026-02-25 14:17:32,제한경쟁,기타,소액수의,,문영원,054-330-2432
R26DD20667308,2026학년도 강북고등학교 2학년 수학여행 위탁용역,대구광역시교육청 강북고등학교,대구광역시교육청,141184000,14118,1.41,2026-02-25 14:11:52,제한경쟁,기타,재량계약,,김태경,053-235-5952
R26DD20667291,(긴급)2026학년도 서울공연예술고등학교 2학년 소규모테마형교육여행 위탁 용역,서울특별시교육청 서울공연예술고등학교,서울특별시교육청,159769410,15977,1.6,2026-02-25 14:05:56,제한경쟁,기타,재량계약,,민병찬,02-3281-9766
R26DD20666346,2026년 찾아가는 프렌즈게임 랜드 행사 용역,사회복지법인 세이브더칠드런코리아,사회복지법인 세이브더칠드런코리아,146000000,14600,1.46,2026-02-24 20:12:29,일반경쟁,기타,재량계약,,조영연,02-2126-4390
R26DD20666332,2026년도 인터넷 법령 판례 검색서비스 용역 계약,해양경찰청,해양경찰청,78000000,7800,0.78,2026-02-24 20:01:53,제한경쟁,기타,재량계약,,왕정현,032-835-2317
R26DD20666331,2026년 대형폐기물 잔재물 위탁처리사업 용역(단가계약) ,경상남도 남해군,경상남도,35200000,3520,0.35,2026-02-24 20:01:16,수의계약,기타,소액수의,,류치훈,055-860-3264
R26DD20665872,범죄취약지 내 빈집정비사업 건설폐기물 처리용역,전북특별자치도 익산시,전북특별자치도,55527000,5553,0.56,2026-02-24 16:11:18,수의계약,기타,재량계약,,신두익,063-859-5938
R26DD20665818,"2026년 해양조사선(황해로호, 해양누리호) 선박 및 장비보험",해양수산부 국립해양조사원 서해해양조사사무소,해양수산부,115884550,11588,1.16,2026-02-24 15:52:00,일반경쟁,기타,재량계약,,오찬미,063-441-0808
R26DD20665812,영북지구 수리시설개보수사업 토목공사 재해예방기술지도 용역,한국농어촌공사 강원지역본부 속초.고성.양양지사,한국농어촌공사,15312000,1531,0.15,2026-02-24 15:49:05,수의계약,건축공사,소액수의,,이예솔,033-630-0110
R26DD20665753,2026년 한성백제박물관 스마트 앱 유지관리 용역,한성백제박물관,서울특별시,20000000,2000,0.2,2026-02-24 15:25:30,수의계약,기타,소액수의,,류령모,02-2152-5902
R26DD20665751,풍서천 지방하천 친수지구 조성사업 건설폐기물처리용역,충청남도 천안시,충청남도,35960000,3596,0.36,2026-02-24 15:24:59,수의계약,토목공사,소액수의,,류하연,041-521-5293
R26DD20665670,센서 기반 LNG 발전시설 공정별 온실가스 배출 현황 정밀 조사 연구,기후에너지환경부 국립환경과학원,기후에너지환경부,100000000,10000,1.0,2026-02-24 14:54:27,제한경쟁,기타,재량계약,,박희민,032-560-7032
R26DD20667244,2026학년도 AI진로설계 프로그램 위탁운영 용역,동서울대학산학협력단,동서울대학산학협력단,70000000,7000,0.7,2026-02-25 13:51:01,수의계약,기타,재량계약,,어성길,031-720-2024
R26DD20667243,원주교도소 내의류 택배운송 용역 입찰 공고,법무부 서울지방교정청 원주교도소,법무부,10685000,1068,0.11,2026-02-25 13:50:33,제한경쟁,기타,소액수의,,김승현,033-741-4842
R26DD20667179,향옥 복원 정비 기본계획 수립 용역(협상),충청남도 공주시,충청남도,100000000,10000,1.0,2026-02-25 13:34:46,제한경쟁,기타,재량계약,,한지예,041-840-8434
R26DD20667175,W브릿지 AI 경력개발 솔루션 서비스 개발·구축 사업,한국여성과학기술인육성재단,한국여성과학기술인육성재단,95000000,9500,0.95,2026-02-25 13:33:23,일반경쟁,기타,재량계약,,차은지,02-6411-1075
R26DD20666391,2026년 한국수목원정원관리원 통합 고객만족도 조사,한국수목원정원관리원,한국수목원정원관리원,40500000,4050,0.41,2026-02-24 21:09:34,제한경쟁,조경공사,소액수의,,조형진,044-270-5134
R26DD20667298,2026학년도 해강중학교 3학년 현장체험학습 차량 임차 용역,부산광역시교육청 부산광역시해운대교육청 해강중학교,부산광역시교육청,24193000,2419,0.24,2026-02-25 14:07:54,제한경쟁,기타,소액수의,,정연복,051-740-2707
R26DD20667271,2026년 남동구 긴급누수복구공사 건설폐기물 운반 및 처리용역(연간계약),인천광역시 상수도사업본부 남동부수도사업소,인천광역시,48906000,4891,0.49,2026-02-25 14:00:47,수의계약,기타,소액수의,,오승민,032-720-3571
R26DD20666114,(긴급)2026학년도 강릉영동대학교 야구부 운행 버스 임차 용역 입찰 공고(재입찰),강릉영동대학,교육부,105000000,10500,1.05,2026-02-24 17:32:32,제한경쟁,기타,재량계약,,백예은,033-610-0445
R26DD20666024,내동 홈플러스 일원 노후관로 교체공사 폐기물처리 용역,경상남도 김해시,경상남도,53340000,5334,0.53,2026-02-24 16:59:48,수의계약,기타,재량계약,,강봉주,055-330-3907
R26DD20667122,제조업 분야 위험성평가 표준모델 추가 개발 및 정비 ,한국산업안전보건공단 산업안전보건연구원,한국산업안전보건공단,100000000,10000,1.0,2026-02-25 13:19:58,제한경쟁,기타,재량계약,,신비오 차장 ,052-703-0853
R26DD20667109,건설공사 주체별 안전책임 강화 방안 ,한국산업안전보건공단 산업안전보건연구원,한국산업안전보건공단,50000000,5000,0.5,2026-02-25 13:14:24,제한경쟁,기타,소액수의,,서용수 연구위원 ,052-703-0843
R26DD20666878,"금정IC-2, 3교 보수보강공사 건설폐기물 처리용역",경기도 군포시,경기도,25762000,2576,0.26,2026-02-25 10:17:14,수의계약,기타,소액수의,,최은지,031-390-0913
R26DD20666824,2026년 수도권매립지 내부도로 영업배상책임보험 용역,수도권매립지관리공사,수도권매립지관리공사,9005000,900,0.09,2026-02-25 10:03:04,일반경쟁,토목공사,소액수의,,이준우,032-560-9378
R26DD20666982,2026년도 역사지리정보DB 구축 용역,교육부 국사편찬위원회,교육부,151000000,15100,1.51,2026-02-25 11:12:47,제한경쟁,기타,재량계약,,이재훈,02-500-8343
R26DD20666942,K-STAR 비자트랙 유학생 페널데이터 조사,법무부,법무부,35000000,3500,0.35,2026-02-25 10:51:28,제한경쟁,기타,소액수의,,나예지,02-2110-4069
R26DD20666938,국가생물다양성 정보 공유체계 운영 및 클라우드 이전,기후에너지환경부 국립생물자원관,기후에너지환경부,200000000,20000,2.0,2026-02-25 10:48:33,제한경쟁,기타,재량계약,,손승훈,032-590-7519
R26DD20666790,광명 舊근로청소년복지관부지 도시개발사업 매장유산 표본조사 용역,한국자산관리공사,한국자산관리공사,64691000,6469,0.65,2026-02-25 09:55:40,제한경쟁,기타,재량계약,,이지민,051-794-4016
R26DD20666656,지곡초등학교 내진부적정건물철거 및 기타공사 폐기물처리용역(가연성),경상북도교육청 경상북도영천교육지원청,경상북도교육청,26400000,2640,0.26,2026-02-25 09:28:03,수의계약,기타,소액수의,,문영원,054-330-2432
R26DD20666621,수산자원 유전자 분석 단가계약,해양수산부 국립수산과학원,해양수산부,92150000,9215,0.92,2026-02-25 09:17:44,제한경쟁,기타,재량계약,,김도균,055-650-2221
R26DD20667320,"창원사파고등학교 급식소 현대화공사 건설폐기물(폐합성수지, 폐목재) 처리용역",경상남도교육청 경상남도창원교육지원청,경상남도교육청,1219900,122,0.01,2026-02-25 14:14:37,수의계약,기타,소액수의,,이상우,055-210-0625
R26DD20667289,2026년 해외도시 수도관계자 초청연수 운영 용역,서울특별시 서울아리수본부,서울특별시,19907000,1991,0.2,2026-02-25 14:05:02,수의계약,기타,소액수의,,유윤정,02-3146-1203
R26DD20667287,재난안전사업 평가 체계 개편을 위한 연구용역,행정안전부,행정안전부,80000000,8000,0.8,2026-02-25 14:04:56,제한경쟁,기타,재량계약,,윤채원,044-205-4170
R26DD20666661,로컬콘텐츠 브랜드업 로컬 상품 패키징 고도화(1차) 용역,재단법인홍주문화관광재단,재단법인홍주문화관광재단,151000000,15100,1.51,2026-02-25 09:31:20,제한경쟁,기타,재량계약,,김기주,070-4125-2818
R26DD20666646,2026년 수산생물질병 연구를 위한 염기서열 분석 단가계약,해양수산부 국립수산과학원,해양수산부,48083000,4808,0.48,2026-02-25 09:24:52,제한경쟁,기타,소액수의,,최명광,051-720-2492
R26DD20666594,2026년 배봉산 인공암벽장 위탁 용역,서울특별시 동대문구,서울특별시,50000000,5000,0.5,2026-02-25 09:08:34,수의계약,기타,소액수의,,서동륜,02-2127-4776
R26DD20667253,(용역) 일제강점기 임업시험장 보고서 번역사업(2차),산림청 국립산림과학원,산림청,60000000,6000,0.6,2026-02-25 13:54:04,제한경쟁,기타,재량계약,,박정원,02-961-2534
R26DD20667221,기업연구자 경력인증제 플랫폼 사업계획 수립 용역,한국산업기술진흥원,한국산업기술진흥원,149810000,14981,1.5,2026-02-25 13:41:18,제한경쟁,기타,재량계약,,이준형,02-6009-3565
R26DD20667177,2026년 경기 로컬관광 콘텐츠 운영 및 관리,경기관광공사,경기도,195000000,19500,1.95,2026-02-25 13:33:58,제한경쟁,기타,재량계약,,오유녕,031-259-4766
R26DD20667163,스마트 안전장비(공단 재정지원 대상 37종) 인증기준 도입 필요성에 관한 연구,한국산업안전보건공단 산업안전보건연구원,한국산업안전보건공단,50000000,5000,0.5,2026-02-25 13:31:15,제한경쟁,기타,소액수의,,강신지 과장 ,052-703-0856
R26DD20666555,중대재해 대응체계 진단 법률 컨설팅 용역,한국교직원공제회,한국교직원공제회,140000000,14000,1.4,2026-02-25 08:45:02,제한경쟁,기타,재량계약,,김유진,02-767-0486
R26DD20665874,2026년 진로체험실 프로그램 운영 버스 임차 용역,세종특별자치시교육청 세종특별자치시교육청진로교육원,세종특별자치시교육청,168900000,16890,1.69,2026-02-24 16:12:02,제한경쟁,기타,재량계약,,김정희,044-903-8752
R26DD20665862,2026년 국립횡성숲체원 취약계층 특화 프로그램 위탁운영 사업,한국산림복지진흥원,한국산림복지진흥원,100000000,10000,1.0,2026-02-24 16:08:00,제한경쟁,기타,재량계약,,임수민,033-340-6357
R26DD20667036,2026학년도 이천교육지원청[이천경남중] 통학차량 임차용역,경기도교육청 경기도이천교육지원청,경기도교육청,112935000,11294,1.13,2026-02-25 11:30:07,제한경쟁,기타,재량계약,,이윤정,031-639-5665
R26DD20667033,2026년 교원직무연수 온라인 콘텐츠 제작,한국도박문제예방치유원,정부산하기관및위원회,62000000,6200,0.62,2026-02-25 11:29:49,제한경쟁,기타,재량계약,,최희진,02-740-9065
R26DD20666407,홈페이지 제작도구(CMS) 솔루션 유지보수,울산대학교,교육부,27042000,2704,0.27,2026-02-24 21:46:01,일반경쟁,기타,소액수의,,정민수,052-259-2080
R26DD20666354,눌미(리도201호선)마을진입로아스콘재포장공사폐기물처리용역,경상북도 청도군,경상북도,22252000,2225,0.22,2026-02-24 20:19:20,수의계약,토목공사,소액수의,,이재희,054-370-2327
R26DD20665844,은평평생돌봄복지재단 사업효과 분석,재단법인 서울연구원,서울특별시,10000000,1000,0.1,2026-02-24 16:01:31,수의계약,기타,소액수의,,정연우,02-2149-1017
R26DD20665806,필수 공공의료 강화 및 의료 현안 해결을 위한 신뢰 기반 AI 혁신 기술개발 기획 연구,한국보건산업진흥원,한국보건산업진흥원,200000000,20000,2.0,2026-02-24 15:47:06,제한경쟁,기타,재량계약,,송지현,043-713-8353
R26DD20665802,내수야구장 개선사업 재해예방 기술지도용역,충청북도 청주시,충청북도,880000,88,0.01,2026-02-24 15:45:44,수의계약,기타,소액수의,,한홍진,043-201-2387
R26DD20666257,철도면허(제2종 및 관제) 교육훈련장비 유지관리 용역,서울교통공사,서울특별시,189465871,18947,1.89,2026-02-24 18:48:28,제한경쟁,기타,재량계약,,김성태,02-6110-8022
R26DD20666180,2026년 해외전시회 성과측정 설문조사 및 수요조사 용역,한국전시산업진흥회,한국전시산업진흥회,167000000,16700,1.67,2026-02-24 17:55:53,제한경쟁,기타,재량계약,,손지연,02-417-2950
R26DD20666132,보현1리 군도18호선 소교량 개체공사 폐기물 처리용역,대구광역시 군위군,대구광역시,103330000,10333,1.03,2026-02-24 17:40:45,수의계약,토목공사,재량계약,,이창민,054-380-6392
R26DD20665633,장동지구 수리시설개보수사업 폐기물처리 용역,한국농어촌공사 전북지역본부 부안지사,한국농어촌공사,165147000,16515,1.65,2026-02-24 14:46:28,제한경쟁,건축공사,재량계약,,박채원,063-580-1028
