번호,사업명,발주기관,업종,재량여부,지역,담당자,연락처,예산(억),리드점수,티어,추천상품,제안단가(원),성사확률,기대매출(원),근거
R26DD20666089,북상천(세천) 정비사업 경관조명 설치공사,전라남도 진도군,전기공사,재량계약,전라남도,이창익,061-540-3480,1.95,100,A,Quick Win,1200000,0.28,336000,"재량계약, 소액-중소형 타깃, 담당자+연락처, 세부업종:전기공사, 최근공고"
R26DD20665739,2026년 안평천변생활환경숲조성사업,경상북도 의성군,기타,재량계약,경상북도,이승준,054-830-6574,1.9,100,A,Quick Win,1200000,0.28,336000,"재량계약, 소액-중소형 타깃, 담당자+연락처, 최근공고"
R26DD20665912,우산동 에드가리움 일원 우수관로 설치공사,광주광역시 광산구,기타,재량계약,광주광역시,김성준,062-960-8573,1.85,100,A,Quick Win,1200000,0.28,336000,"재량계약, 소액-중소형 타깃, 담당자+연락처, 최근공고"
R26DD20666405,진평동 인동20길 일원 도로정비공사,경상북도 구미시,토목공사,재량계약,경상북도,강민준,054-480-5485,1.76,100,A,Quick Win,1200000,0.28,336000,"재량계약, 소액-중소형 타깃, 담당자+연락처, 세부업종:토목공사, 최근공고"
R26DD20666075,2025년 사곡면 유룡리(733-6) 용수골천 소하천 재해복구사업,충청남도 공주시,토목공사,재량계약,충청남도,전영희,041-840-7623,1.72,100,A,Quick Win,1200000,0.28,336000,"재량계약, 소액-중소형 타깃, 담당자+연락처, 세부업종:토목공사, 최근공고"
R26DD20666016,2026년 임도구조개량사업(봉림),산림청 서부지방산림청 순천국유림관리소,기타,재량계약,전라남도,윤정길,061-740-9341,1.72,100,A,Quick Win,1200000,0.28,336000,"재량계약, 소액-중소형 타깃, 담당자+연락처, 최근공고"
R26DD20666093,2026년 도로교통시설 노면표시 유지보수공사(연간단가),서울특별시 송파구,토목공사,재량계약,서울특별시,이혜영,02-2147-2483,1.71,100,A,Quick Win,1200000,0.28,336000,"재량계약, 소액-중소형 타깃, 담당자+연락처, 세부업종:토목공사, 최근공고"
R26DD20665785,2026년 9호선 2·3단계 강체전차선 AL T-BAR 및 애자세척공사,서울교통공사,기타,재량계약,서울특별시,임슬기,02-2656-2776,1.67,100,A,Quick Win,1200000,0.28,336000,"재량계약, 소액-중소형 타깃, 담당자+연락처, 최근공고"
R26DD20667345,2026년 공원 녹지 수목 수형조절 공사,인천광역시 연수구,조경공사,재량계약,인천광역시,이선아,032-749-8692,1.55,100,A,Quick Win,1200000,0.28,336000,"재량계약, 소액-중소형 타깃, 담당자+연락처, 세부업종:조경공사, 최근공고"
R26DD20666110,2026년 관내 하천 자전거 및 보행자도로 정비공사(연간단가),서울특별시 송파구,토목공사,재량계약,서울특별시,이혜영,02-2147-2483,1.51,100,A,Quick Win,1200000,0.28,336000,"재량계약, 소액-중소형 타깃, 담당자+연락처, 세부업종:토목공사, 최근공고"
R26DD20666364,대곡(리도207호선)아스콘포장공사,경상북도 청도군,토목공사,재량계약,경상북도,이재희,054-370-2327,1.51,100,A,Quick Win,1200000,0.28,336000,"재량계약, 소액-중소형 타깃, 담당자+연락처, 세부업종:토목공사, 최근공고"
R26DD20666103,2026년 노면표시 정비 공사(연간단가),서울특별시 마포구,기타,재량계약,서울특별시,김태성,02-3153-9644,1.5,100,A,Quick Win,1200000,0.28,336000,"재량계약, 소액-중소형 타깃, 담당자+연락처, 최근공고"
R26DD20665825,군도2호선(냉정리 563-6~918-1번지 일원) 보행자도로 정비공사,인천광역시 강화군,토목공사,재량계약,인천광역시,도로교통시설팀,032-930-3738,1.47,100,A,Quick Win,1200000,0.28,336000,"재량계약, 소액-중소형 타깃, 담당자+연락처, 세부업종:토목공사, 최근공고"
R26DD20667038,통영지점 전체 레이아웃 전기공사,중소기업은행,전기공사,재량계약,경상남도,오예나,02-729-7458,1.47,100,A,Quick Win,1200000,0.28,336000,"재량계약, 소액-중소형 타깃, 담당자+연락처, 세부업종:전기공사, 최근공고"
R26DD20666603,야미도 어촌뉴딜300사업(토목) 전기공사,한국농어촌공사 전북지역본부 군산지사,전기공사,재량계약,전북특별자치도,박은미,063-440-5915,1.39,100,A,Quick Win,1200000,0.28,336000,"재량계약, 소액-중소형 타깃, 담당자+연락처, 세부업종:전기공사, 최근공고"
R26DD20667424,2025년 유구읍 명곡리(415-5번지 외 2개소) 명곡저수지천 소하천 재해복구사업,충청남도 공주시,토목공사,재량계약,충청남도,김준호,041-840-7624,1.28,100,A,Quick Win,1200000,0.28,336000,"재량계약, 소액-중소형 타깃, 담당자+연락처, 세부업종:토목공사, 최근공고"
R26DD20665715,2026년 용연수질개선사업소 조경관리공사,울산광역시,조경공사,재량계약,울산광역시,성창섭,052-229-5942,1.28,100,A,Quick Win,1200000,0.28,336000,"재량계약, 소액-중소형 타깃, 담당자+연락처, 세부업종:조경공사, 최근공고"
R26DD20665674,설천중 본관동 외 1동(식생활관) 화장실 및 기타 전기공사,전북특별자치도교육청 전북특별자치도무주교육지원청,전기공사,재량계약,전북특별자치도,권현경,063-320-5151,1.27,100,A,Quick Win,1200000,0.28,336000,"재량계약, 소액-중소형 타깃, 담당자+연락처, 세부업종:전기공사, 최근공고"
R26DD20665817,2026년 김포 문수산성 경관조명 설치공사,경기도 김포시,전기공사,재량계약,경기도,조진희,031-980-2114,1.2,100,A,Quick Win,1200000,0.28,336000,"재량계약, 소액-중소형 타깃, 담당자+연락처, 세부업종:전기공사, 최근공고"
R26DD20667030,2026년 가로수 병해충 방제사업,경기도 화성시 병점구,기타,재량계약,경기도,이승원,031-5189-4432,1.19,100,A,Quick Win,1200000,0.28,336000,"재량계약, 소액-중소형 타깃, 담당자+연락처, 최근공고"
R26DD20666638,	대성배수지 전기 및 계측설비 이전공사,전북특별자치도 전주시,전기공사,재량계약,전북특별자치도,황은택,063-281-6972,1.1,100,A,Quick Win,1200000,0.28,336000,"재량계약, 소액-중소형 타깃, 담당자+연락처, 세부업종:전기공사, 최근공고"
R26DD20665801,2026년 신규 소화전 설치공사(남부),경기도 평택시 상하수도사업소,소방공사,재량계약,경기도,유신,031-8024-5163,1.04,100,A,Quick Win,1200000,0.28,336000,"재량계약, 소액-중소형 타깃, 담당자+연락처, 세부업종:소방공사, 최근공고"
R26DD20665941,2026년 차선유지관리공사 단가계약(3권역),광주광역시 광산구,기타,재량계약,광주광역시,김예림,062-960-8633,0.99,100,A,Quick Win,1200000,0.28,336000,"재량계약, 소액-중소형 타깃, 담당자+연락처, 최근공고"
R26DD20665938,2026년 차선유지관리공사 단가계약(2권역),광주광역시 광산구,기타,재량계약,광주광역시,김예림,062-960-8633,0.99,100,A,Quick Win,1200000,0.28,336000,"재량계약, 소액-중소형 타깃, 담당자+연락처, 최근공고"
R26DD20666387,소하천(승지물천) 정비사업,충청남도 예산군,토목공사,재량계약,충청남도,한만범,041-339-7773,0.98,100,A,Quick Win,1200000,0.28,336000,"재량계약, 소액-중소형 타깃, 담당자+연락처, 세부업종:토목공사, 최근공고"
R26DD20665815,2026년도 지하도상가 노후 소방펌프 교체정비 공사,서울시설공단,소방공사,재량계약,서울특별시,박배석,02-2290-6153,0.95,100,A,Quick Win,1200000,0.28,336000,"재량계약, 소액-중소형 타깃, 담당자+연락처, 세부업종:소방공사, 최근공고"
R26DD20667309,호계면 우로리(252-1)  소교량 설치공사 ,경상북도 문경시 호계면,토목공사,재량계약,경상북도,변미정,054-550-8646,0.92,100,A,Quick Win,1200000,0.28,336000,"재량계약, 소액-중소형 타깃, 담당자+연락처, 세부업종:토목공사, 최근공고"
R26DD20665921,송도로 일원 우수관로 개선공사,광주광역시 광산구,토목공사,재량계약,광주광역시,송건,062-960-8574,0.92,100,A,Quick Win,1200000,0.28,336000,"재량계약, 소액-중소형 타깃, 담당자+연락처, 세부업종:토목공사, 최근공고"
R26DD20665936,2026년 차선유지관리공사 단가계약(1권역),광주광역시 광산구,기타,재량계약,광주광역시,김예림,062-960-8633,0.9,100,A,Quick Win,1200000,0.28,336000,"재량계약, 소액-중소형 타깃, 담당자+연락처, 최근공고"
R26DD20665876,서랑저수지 음악분수 전기인입 공사,경기도 오산시,전기공사,재량계약,경기도,임기평,031-8036-6463,0.9,100,A,Quick Win,1200000,0.28,336000,"재량계약, 소액-중소형 타깃, 담당자+연락처, 세부업종:전기공사, 최근공고"
R26DD20666322,회진 덕산지구 기계화 경작로 확포장공사,전라남도 장흥군,토목공사,재량계약,전라남도,최준환,061-860-6151,0.85,100,A,Quick Win,1200000,0.28,336000,"재량계약, 소액-중소형 타깃, 담당자+연락처, 세부업종:토목공사, 최근공고"
R26DD20665949,선동 691번지 주변 농로 개설공사,광주광역시 광산구,기타,재량계약,광주광역시,오명호,062-960-8507,0.82,100,A,Quick Win,1200000,0.28,336000,"재량계약, 소액-중소형 타깃, 담당자+연락처, 최근공고"
R26DD20666321,눌미(리도201호선)마을진입로아스콘재포장공사,경상북도 청도군,토목공사,재량계약,경상북도,이재희,054-370-2327,0.81,100,A,Quick Win,1200000,0.28,336000,"재량계약, 소액-중소형 타깃, 담당자+연락처, 세부업종:토목공사, 최근공고"
R26DD20667080,2026년 관내 도로 빗물받이 보수 공사(단가계약),경기도 하남시,토목공사,재량계약,경기도,최장우,031-790-5821,0.8,100,A,Quick Win,1200000,0.28,336000,"재량계약, 소액-중소형 타깃, 담당자+연락처, 세부업종:토목공사, 최근공고"
R26DD20666904,화정로260번길 일원 외 4개소 도로정비공사,광주광역시 남구,토목공사,재량계약,광주광역시,박장훈,062-607-4023,0.78,100,A,Quick Win,1200000,0.28,336000,"재량계약, 소액-중소형 타깃, 담당자+연락처, 세부업종:토목공사, 최근공고"
R26DD20667053,내촌 공공하수처리시설 증설사업 소방공사(전기분야),경기도 포천시 안전도시국 상하수과,전기공사,재량계약,경기도,김동건,031-538-3529,0.77,100,A,Quick Win,1200000,0.28,336000,"재량계약, 소액-중소형 타깃, 담당자+연락처, 세부업종:전기공사, 최근공고"
R26DD20666244,흥무공원 교통신호기 설치,경상북도 경주시,정보통신공사,재량계약,경상북도,류영하,054-779-6519,0.77,100,A,Quick Win,1200000,0.28,336000,"재량계약, 소액-중소형 타깃, 담당자+연락처, 세부업종:정보통신공사, 최근공고"
R26DD20666198,순천시청 주변 교통관제센터 자가통신망 선로공사,전라남도 순천시,정보통신공사,재량계약,전라남도,김태영,061-749-3915,0.75,100,A,Quick Win,1200000,0.28,336000,"재량계약, 소액-중소형 타깃, 담당자+연락처, 세부업종:정보통신공사, 최근공고"
R26DD20667263,홍천 양덕원천 생태하천조성사업 전기공사,한국농어촌공사 강원지역본부 홍천.춘천지사,전기공사,재량계약,강원특별자치도,강이란,033-430-9526,0.72,100,A,Quick Win,1200000,0.28,336000,"재량계약, 소액-중소형 타깃, 담당자+연락처, 세부업종:전기공사, 최근공고"
R26DD20666263,2026년 지능형 CCTV 확대 구축사업(전기),경상남도 진주시,전기공사,재량계약,경상남도,김성재,055-749-3642,0.71,100,A,Quick Win,1200000,0.28,336000,"재량계약, 소액-중소형 타깃, 담당자+연락처, 세부업종:전기공사, 최근공고"
R26DD20665871,영등포구청(5)역 등 2개소 전기실 기계설비 개량공사,서울교통공사,전기공사,재량계약,서울특별시,서혁진,02-6110-5784,0.69,100,A,Quick Win,1200000,0.28,336000,"재량계약, 소액-중소형 타깃, 담당자+연락처, 세부업종:전기공사, 최근공고"
R26DD20666088,생활권 공원녹지 내 맨발길 조성사업((전기),대전광역시 동구,전기공사,재량계약,대전광역시,송재필,042-251-4753,0.66,100,A,Quick Win,1200000,0.28,336000,"재량계약, 소액-중소형 타깃, 담당자+연락처, 세부업종:전기공사, 최근공고"
R26DD20666950,남지도시계획도로 중로1-6호(남지고등학교 옆) 가각정비공사,경상남도 창녕군,토목공사,재량계약,경상남도,이문희,055-530-1883,0.64,100,A,Quick Win,1200000,0.28,336000,"재량계약, 소액-중소형 타깃, 담당자+연락처, 세부업종:토목공사, 최근공고"
R26DD20665816,가북면 소재지 건축물 해체공사,경상남도 거창군 농업기술센터,건축공사,재량계약,경상남도,류상현,055-940-8123,0.61,100,A,Quick Win,1200000,0.28,336000,"재량계약, 소액-중소형 타깃, 담당자+연락처, 세부업종:건축공사, 최근공고"
R26DD20667411,흥남해수욕장 공중화장실 신축 전기공사,경상남도 거제시,전기공사,재량계약,경상남도,김효인,055-639-3526,0.59,100,A,Quick Win,1200000,0.28,336000,"재량계약, 소액-중소형 타깃, 담당자+연락처, 세부업종:전기공사, 최근공고"
R26DD20667223,성산면 위촌리 116 일원 농로포장 정비공사,강원특별자치도 강릉시 농업기술센터,토목공사,재량계약,강원특별자치도,김소현,033-640-5293,0.59,100,A,Quick Win,1200000,0.28,336000,"재량계약, 소액-중소형 타깃, 담당자+연락처, 세부업종:토목공사, 최근공고"
R26DD20666798,본관동 3층 환경개선 통신공사,한국원자력연구원,정보통신공사,재량계약,대전광역시,김도경,042-866-6101,0.57,100,A,Quick Win,1200000,0.28,336000,"재량계약, 소액-중소형 타깃, 담당자+연락처, 세부업종:정보통신공사, 최근공고"
R26DD20666899,2026년 공원녹지 위험수목 정비사업(단가계약),부산광역시 기장군,조경공사,재량계약,부산광역시,전성현,051-709-4535,0.56,100,A,Quick Win,1200000,0.28,336000,"재량계약, 소액-중소형 타깃, 담당자+연락처, 세부업종:조경공사, 최근공고"
R26DD20666381,2026년 도시숲 수목 생육환경개선 단가공사,경기도 평택시,조경공사,재량계약,경기도,이해원,031-8024-4217,0.55,100,A,Quick Win,1200000,0.28,336000,"재량계약, 소액-중소형 타깃, 담당자+연락처, 세부업종:조경공사, 최근공고"
R26DD20665831,금구천(지방하천) 준설공사,전북특별자치도 김제시,토목공사,재량계약,전북특별자치도,박성순,063-540-3965,0.55,100,A,Quick Win,1200000,0.28,336000,"재량계약, 소액-중소형 타깃, 담당자+연락처, 세부업종:토목공사, 최근공고"
R26DD20666870,연구관실 확보공사(건축),헌법재판소,건축공사,재량계약,서울특별시,이병로,02-708-3534,0.55,100,A,Quick Win,1200000,0.28,336000,"재량계약, 소액-중소형 타깃, 담당자+연락처, 세부업종:건축공사, 최근공고"
R26DD20667165,문장대 야영장 내 편의시설 확충 전기공사,경상북도 상주시,전기공사,재량계약,경상북도,채종규,054-537-6132,0.54,100,A,Quick Win,1200000,0.28,336000,"재량계약, 소액-중소형 타깃, 담당자+연락처, 세부업종:전기공사, 최근공고"
R26DD20666400,원평동 역전로4길(구미초등학교)일원 도로정비공사,경상북도 구미시,토목공사,재량계약,경상북도,강민준,054-480-5485,0.53,100,A,Quick Win,1200000,0.28,336000,"재량계약, 소액-중소형 타깃, 담당자+연락처, 세부업종:토목공사, 최근공고"
R26DD20666705,2026년 관내 도로 재포장 정비공사(2공구) 폐기물 처리용역,대전광역시,토목공사,재량계약,,진재호,042-270-8863,1.95,99,A,Quick Win,1200000,0.28,336000,"재량계약, 소액-중소형 타깃, 담당자+연락처, 세부업종:토목공사, 최근공고"
R26DD20666327,국도38호선 태안2권역 포장도 보수공사 건설폐기물처리용역,국토교통부 대전지방국토관리청 예산국토관리사무소,토목공사,재량계약,,김원채,041-330-6517,1.94,99,A,Quick Win,1200000,0.28,336000,"재량계약, 소액-중소형 타깃, 담당자+연락처, 세부업종:토목공사, 최근공고"
R26DD20666353,국도38호선 태안3권역 포장도 보수공사 건설폐기물처리용역,국토교통부 대전지방국토관리청 예산국토관리사무소,토목공사,재량계약,,김원채,041-330-6517,1.77,99,A,Quick Win,1200000,0.28,336000,"재량계약, 소액-중소형 타깃, 담당자+연락처, 세부업종:토목공사, 최근공고"
R26DD20666282,국도38호선 당진3권역 포장도 보수공사 건설폐기물처리용역,국토교통부 대전지방국토관리청 예산국토관리사무소,토목공사,재량계약,,김원채,041-330-6517,1.72,99,A,Quick Win,1200000,0.28,336000,"재량계약, 소액-중소형 타깃, 담당자+연락처, 세부업종:토목공사, 최근공고"
R26DD20667026,국도23호선 함평 진양지구 등 6개소 포장도 보수공사 폐기물처리용역,국토교통부 익산지방국토관리청 광주국토관리사무소,토목공사,재량계약,,석지언,062-970-6313,1.65,99,A,Quick Win,1200000,0.28,336000,"재량계약, 소액-중소형 타깃, 담당자+연락처, 세부업종:토목공사, 최근공고"
R26DD20667021,국도1호선 나주 장산지구 등 9개소 포장도 보수공사 폐기물처리용역,국토교통부 익산지방국토관리청 광주국토관리사무소,토목공사,재량계약,,석지언,062-970-6313,1.63,99,A,Quick Win,1200000,0.28,336000,"재량계약, 소액-중소형 타깃, 담당자+연락처, 세부업종:토목공사, 최근공고"
R26DD20666649,서울대공원 일본원숭이동산 리모델링 공사 건설폐기물 처리용역,서울특별시,건축공사,재량계약,,황철현,02-500-7415,1.58,99,A,Quick Win,1200000,0.28,336000,"재량계약, 소액-중소형 타깃, 담당자+연락처, 세부업종:건축공사, 최근공고"
R26DD20667024,국도22호선 영광 덕호지구 등 7개소 포장도 보수공사 폐기물처리용역,국토교통부 익산지방국토관리청 광주국토관리사무소,토목공사,재량계약,,석지언,062-970-6313,1.49,99,A,Quick Win,1200000,0.28,336000,"재량계약, 소액-중소형 타깃, 담당자+연락처, 세부업종:토목공사, 최근공고"
R26DD20666968,"신남고 기숙사 및 실습실 증축 전기,통신,소방공사 설계용역",강원특별자치도교육청 강원특별자치도인제교육지원청,전기공사,재량계약,,황수연,033-460-1031,1.43,99,A,Quick Win,1200000,0.28,336000,"재량계약, 소액-중소형 타깃, 담당자+연락처, 세부업종:전기공사, 최근공고"
R26DD20667020,국도1호선 장성 영천지구 등 4개소 포장도 보수공사 폐기물처리용역,국토교통부 익산지방국토관리청 광주국토관리사무소,토목공사,재량계약,,석지언,062-970-6313,1.25,99,A,Quick Win,1200000,0.28,336000,"재량계약, 소액-중소형 타깃, 담당자+연락처, 세부업종:토목공사, 최근공고"
R26DD20667276,국도42호선 횡성 안흥-방림 도로건설공사 임목폐기물 처리용역(6차),국토교통부 원주지방국토관리청,토목공사,재량계약,,이준범,033-769-5723,1.22,99,A,Quick Win,1200000,0.28,336000,"재량계약, 소액-중소형 타깃, 담당자+연락처, 세부업종:토목공사, 최근공고"
R26DD20667028,국도13호선 해남 영신지구 등 4개소 포장도 보수공사 폐기물처리용역,국토교통부 익산지방국토관리청 광주국토관리사무소,토목공사,재량계약,,석지언,062-970-6313,1.13,99,A,Quick Win,1200000,0.28,336000,"재량계약, 소액-중소형 타깃, 담당자+연락처, 세부업종:토목공사, 최근공고"
R26DD20666307,국도1호선 천안권역 포장도 보수공사 건설폐기물처리용역,국토교통부 대전지방국토관리청 예산국토관리사무소,토목공사,재량계약,,김원채,041-330-6517,1.11,99,A,Quick Win,1200000,0.28,336000,"재량계약, 소액-중소형 타깃, 담당자+연락처, 세부업종:토목공사, 최근공고"
R26DD20666304,국도21호선 예산권역 포장도 보수공사 건설폐기물처리용역,국토교통부 대전지방국토관리청 예산국토관리사무소,토목공사,재량계약,,김원채,041-330-6517,1.07,99,A,Quick Win,1200000,0.28,336000,"재량계약, 소액-중소형 타깃, 담당자+연락처, 세부업종:토목공사, 최근공고"
R26DD20667436,"2026년 국방과학연구소(대전) 소방시설 점검 용역(작동점검, 종합점검)",국방과학연구소,소방공사,재량계약,,황인성,042-821-0449,1.06,99,A,Quick Win,1200000,0.28,336000,"재량계약, 소액-중소형 타깃, 담당자+연락처, 세부업종:소방공사, 최근공고"
R26DD20666289,국도38호선 서산권역 포장도 보수공사 건설폐기물처리용역,국토교통부 대전지방국토관리청 예산국토관리사무소,토목공사,재량계약,,김원채,041-330-6517,1.04,99,A,Quick Win,1200000,0.28,336000,"재량계약, 소액-중소형 타깃, 담당자+연락처, 세부업종:토목공사, 최근공고"
R26DD20666984,제22회 국제소방안전박람회 전시부스 설치용역,(주)엑스코,소방공사,재량계약,,도방원,053-601-5024,0.99,99,A,Quick Win,1200000,0.28,336000,"재량계약, 소액-중소형 타깃, 담당자+연락처, 세부업종:소방공사, 최근공고"
R26DD20666906,"휴대 무선통신기기 EMF분야 평가기술(흡수전력밀도, 동시노출 등) 개선 연구",과학기술정보통신부 국립전파연구원,전기공사,재량계약,,유병규,061-338-4572,0.9,99,A,Quick Win,1200000,0.28,336000,"재량계약, 소액-중소형 타깃, 담당자+연락처, 세부업종:전기공사, 최근공고"
R26DD20666896,무선전력전송 전자파 평가방법 표준화 연구 및 전자파 통합 안전모듈 개발 선행연구,과학기술정보통신부 국립전파연구원,전기공사,재량계약,,이상빈,061-338-4573,0.76,99,A,Quick Win,1200000,0.28,336000,"재량계약, 소액-중소형 타깃, 담당자+연락처, 세부업종:전기공사, 최근공고"
R26DD20665728,가칭 온미래학교 신축공사 설계 경제성 등(VE) 검토 용역,전라남도교육청,건축공사,재량계약,,박민아,061-260-0784,0.73,99,A,Quick Win,1200000,0.28,336000,"재량계약, 소액-중소형 타깃, 담당자+연락처, 세부업종:건축공사, 최근공고"
R26DD20667005,2026년 도로변 환경정비 공사(단가계약),부산광역시 금정구,토목공사,소액수의,부산광역시,박소현,051-519-4637,0.5,98,A,Quick Win,1200000,0.28,336000,"소액수의, 소액-중소형 타깃, 담당자+연락처, 세부업종:토목공사, 최근공고"
R26DD20666001,속초시민약국 앞 가속차로 설치공사(전기),강원특별자치도 속초시,전기공사,소액수의,강원특별자치도,김상유,033-639-2487,0.46,98,A,Quick Win,1200000,0.28,336000,"소액수의, 소액-중소형 타깃, 담당자+연락처, 세부업종:전기공사, 최근공고"
R26DD20666894,"첨단3지구 공공폐수처리시설(1,2단계) 설치사업 정보통신공사조",전라남도 장성군,정보통신공사,소액수의,전라남도,정난옥,061-390-8547,0.45,98,A,Quick Win,1200000,0.28,336000,"소액수의, 소액-중소형 타깃, 담당자+연락처, 세부업종:정보통신공사, 최근공고"
R26DD20667022,망정소하천 하상정비공사,경상북도 칠곡군,토목공사,소액수의,경상북도,박민광,054-979-6794,0.45,98,A,Quick Win,1200000,0.28,336000,"소액수의, 소액-중소형 타깃, 담당자+연락처, 세부업종:토목공사, 최근공고"
R26DD20666398,장흥 평화2구 진입로 확포장 공사,전라남도 장흥군,토목공사,소액수의,전라남도,임재연,061-860-6154,0.44,98,A,Quick Win,1200000,0.28,336000,"소액수의, 소액-중소형 타깃, 담당자+연락처, 세부업종:토목공사, 최근공고"
R26DD20666377,2025년 마사천(지방하천) 재해복구사업,충청남도 예산군,토목공사,소액수의,충청남도,김희수,041-339-7784,0.44,98,A,Quick Win,1200000,0.28,336000,"소액수의, 소액-중소형 타깃, 담당자+연락처, 세부업종:토목공사, 최근공고"
R26DD20665680,흥덕도서관 종합자료실 환경개선공사(건축),경기도 용인시,건축공사,소액수의,경기도,박은구,1518,0.44,98,A,Quick Win,1200000,0.28,336000,"소액수의, 소액-중소형 타깃, 담당자+연락처, 세부업종:건축공사, 최근공고"
R26DD20667079,정안면 산성리(111-2)마을안길 포장공사,충청남도 공주시,토목공사,소액수의,충청남도,오윤정,041-840-7613,0.43,98,A,Quick Win,1200000,0.28,336000,"소액수의, 소액-중소형 타깃, 담당자+연락처, 세부업종:토목공사, 최근공고"
R26DD20667044,통영지점 전체 레이아웃 통신공사,중소기업은행,정보통신공사,소액수의,경상남도,오예나,02-729-7458,0.43,98,A,Quick Win,1200000,0.28,336000,"소액수의, 소액-중소형 타깃, 담당자+연락처, 세부업종:정보통신공사, 최근공고"
R26DD20667335,2026년 수목 병해충 방제공사,국가보훈부 국립대전현충원,조경공사,소액수의,대전광역시,김명성,042-820-7012,0.4,98,A,Quick Win,1200000,0.28,336000,"소액수의, 소액-중소형 타깃, 담당자+연락처, 세부업종:조경공사, 최근공고"
R26DD20665796,금산면 어유소하천 준설공사,전북특별자치도 김제시,토목공사,소액수의,전북특별자치도,박성순,063-540-3965,0.35,98,A,Quick Win,1200000,0.28,336000,"소액수의, 소액-중소형 타깃, 담당자+연락처, 세부업종:토목공사, 최근공고"
R26DD20667010,사랑의집 에덴 간이스프링쿨러 설치 소방공사,사랑의집 에덴,소방공사,소액수의,충청남도,김동원,041-531-8696,0.34,98,A,Quick Win,1200000,0.28,336000,"소액수의, 소액-중소형 타깃, 담당자+연락처, 세부업종:소방공사, 최근공고"
R26DD20666294,안양 풍암지구 기계화 경작로 확포장공사,전라남도 장흥군,토목공사,소액수의,전라남도,최준환,061-860-6151,0.3,98,A,Quick Win,1200000,0.28,336000,"소액수의, 소액-중소형 타깃, 담당자+연락처, 세부업종:토목공사, 최근공고"
R26DD20665906,서원구청 LED 실내조명등 교체 공사,충청북도 청주시 서원구,전기공사,소액수의,충청북도,허문원,043-201-6045,0.21,98,A,Quick Win,1200000,0.28,336000,"소액수의, 소액-중소형 타깃, 담당자+연락처, 세부업종:전기공사, 최근공고"
R26DD20666067,광진소방서 장비 보관 창고 바닥 등 실내건축 공사,서울특별시 광진소방서,소방공사,소액수의,서울특별시,정민정,02-6981-6621,0.1,98,A,Quick Win,1200000,0.28,336000,"소액수의, 소액-중소형 타깃, 담당자+연락처, 세부업종:소방공사, 최근공고"
R26DD20666956,몽촌토성 발굴현장 내 위험수목 정비공사,한성백제박물관,조경공사,소액수의,서울특별시,이지혜,02-2152-5842,0.08,98,A,Quick Win,1200000,0.28,336000,"소액수의, 소액-중소형 타깃, 담당자+연락처, 세부업종:조경공사, 최근공고"
R26DD20665737,동복호 이주민쉼터 관리사무실 전기공사,광주광역시 상수도사업본부 용연정수사업소,전기공사,소액수의,전라남도,김병현,062-609-6353,0.08,98,A,Quick Win,1200000,0.28,336000,"소액수의, 소액-중소형 타깃, 담당자+연락처, 세부업종:전기공사, 최근공고"
R26DD20667304,2026년 강화군 블록정비공사(연간단가),인천광역시 상수도사업본부,기타,재량계약,인천광역시,한대동,032-720-2093,2.0,97,A,Quick Win,1200000,0.28,336000,"재량계약, 소액-중소형 타깃, 담당자+연락처, 최근공고"
R26DD20667162,서남센터 오니처리시설 이송설비 정비공사,서울물재생시설공단,기타,재량계약,서울특별시,김태인,02-3410-9744,2.0,97,A,Quick Win,1200000,0.28,336000,"재량계약, 소액-중소형 타깃, 담당자+연락처, 최근공고"
R26DD20666700,2026년 청원구 노후 가로·보안등 LED 교체 공사,충청북도 청주시 청원구,기타,재량계약,충청북도,이민석,043-201-8355,1.99,97,A,Quick Win,1200000,0.28,336000,"재량계약, 소액-중소형 타깃, 담당자+연락처, 최근공고"
R26DD20666107,효령면 불로리 새보들 용배수로 정비공사,대구광역시 군위군,기타,재량계약,대구광역시,장용진,054-380-6372,1.99,97,A,Quick Win,1200000,0.28,336000,"재량계약, 소액-중소형 타깃, 담당자+연락처, 최근공고"
R26DD20666078,소보면 봉황2리 마을 안 용수로 개체공사,대구광역시 군위군,기타,재량계약,대구광역시,장용진,054-380-6372,1.95,97,A,Quick Win,1200000,0.28,336000,"재량계약, 소액-중소형 타깃, 담당자+연락처, 최근공고"
R26DD20667200,하성면 가금리 604 일원 배수로 정비공사,경기도 김포시,기타,재량계약,경기도,오병관,031-980-2431,1.92,97,A,Quick Win,1200000,0.28,336000,"재량계약, 소액-중소형 타깃, 담당자+연락처, 최근공고"
R26DD20667100,2026년 공영주차장 유지관리 정비공사(단가계약),경기도 부천시,기타,재량계약,경기도,장민식,032-625-4772,1.91,97,A,Quick Win,1200000,0.28,336000,"재량계약, 소액-중소형 타깃, 담당자+연락처, 최근공고"
R26DD20665881,2026 예산천 수도관 복구공사,충청남도 예산군,기타,재량계약,충청남도,김승규,041-339-8332,1.89,97,A,Quick Win,1200000,0.28,336000,"재량계약, 소액-중소형 타깃, 담당자+연락처, 최근공고"
R26DD20665710,2026년 소리천 녹지 유지관리공사,경기도 파주시,기타,재량계약,경기도,박현준,031-940-8710,1.85,97,A,Quick Win,1200000,0.28,336000,"재량계약, 소액-중소형 타깃, 담당자+연락처, 최근공고"
R26DD20667419,사등면 언양마을 보도설치공사,경상남도 거제시,기타,재량계약,경상남도,박민지,055-639-4496,1.83,97,A,Quick Win,1200000,0.28,336000,"재량계약, 소액-중소형 타깃, 담당자+연락처, 최근공고"
R26DD20667361,여수정보과학고등학교 통학로 외부 계단(데크) 보수공사,전라남도교육청 여수정보과학고등학교,기타,재량계약,전라남도,박경희,061-650-6211,1.79,97,A,Quick Win,1200000,0.28,336000,"재량계약, 소액-중소형 타깃, 담당자+연락처, 최근공고"
R26DD20665652,2026년 진도군 슬레이트 지붕해체 철거공사(1권역),사단법인 수생태보전협의회,기타,재량계약,전라남도,한승완,062-674-9150,1.75,97,A,Quick Win,1200000,0.28,336000,"재량계약, 소액-중소형 타깃, 담당자+연락처, 최근공고"
R26DD20665659,2026년 진도군 슬레이트 지붕해체 철거공사(3권역),사단법인 수생태보전협의회,기타,재량계약,전라남도,한승완,062-674-9150,1.75,97,A,Quick Win,1200000,0.28,336000,"재량계약, 소액-중소형 타깃, 담당자+연락처, 최근공고"
R26DD20665656,2026년 진도군 슬레이트 지붕해체 철거공사(2권역),사단법인 수생태보전협의회,기타,재량계약,전라남도,한승완,062-674-9150,1.75,97,A,Quick Win,1200000,0.28,336000,"재량계약, 소액-중소형 타깃, 담당자+연락처, 최근공고"
R26DD20665665,2026년 진도군 슬레이트 지붕해체 철거공사(4권역),사단법인 수생태보전협의회,기타,재량계약,전라남도,한승완,062-674-9150,1.75,97,A,Quick Win,1200000,0.28,336000,"재량계약, 소액-중소형 타깃, 담당자+연락처, 최근공고"
R26DD20666575,세내교 보수보강공사,전북특별자치도 전주시 완산구,기타,재량계약,전북특별자치도,배종휘,063-220-5487,1.73,97,A,Quick Win,1200000,0.28,336000,"재량계약, 소액-중소형 타깃, 담당자+연락처, 최근공고"
R26DD20666060,소보면 봉황3리 용수로 개체공사,대구광역시 군위군,기타,재량계약,대구광역시,장용진,054-380-6372,1.72,97,A,Quick Win,1200000,0.28,336000,"재량계약, 소액-중소형 타깃, 담당자+연락처, 최근공고"
R26DD20666855,운정호수공원 노후산책로 정비공사,경기도 파주시,기타,재량계약,경기도,우용희,031-940-4986,1.71,97,A,Quick Win,1200000,0.28,336000,"재량계약, 소액-중소형 타깃, 담당자+연락처, 최근공고"
R26DD20666873,2026년 계류보전 사업,울산광역시 동구,기타,재량계약,울산광역시,서인호,052-209-3764,1.66,97,A,Quick Win,1200000,0.28,336000,"재량계약, 소액-중소형 타깃, 담당자+연락처, 최근공고"
R26DD20666402,2026년 서거차도 발전소 계획예방 정비공사,전라남도 진도군,기타,재량계약,전라남도,양소영,061-540-6414,1.61,97,A,Quick Win,1200000,0.28,336000,"재량계약, 소액-중소형 타깃, 담당자+연락처, 최근공고"
R26DD20667186,화서 상현리 세천정비공사,경상북도 상주시,기타,재량계약,경상북도,채종규,054-537-6132,1.57,97,A,Quick Win,1200000,0.28,336000,"재량계약, 소액-중소형 타깃, 담당자+연락처, 최근공고"
R26DD20666996,2026년 태화강국가정원 계절정원 제초관리 사업,울산광역시,기타,재량계약,울산광역시,장용운,052-229-7577,1.57,97,A,Quick Win,1200000,0.28,336000,"재량계약, 소액-중소형 타깃, 담당자+연락처, 최근공고"
R26DD20667042,통영지점 전체 레이아웃 설비공사,중소기업은행,기타,재량계약,경상남도,오예나,02-729-7458,1.54,97,A,Quick Win,1200000,0.28,336000,"재량계약, 소액-중소형 타깃, 담당자+연락처, 최근공고"
R26DD20665826,소각로 내화물 보수공사,대구공공시설관리공단 성서사업처,기타,재량계약,대구광역시,이성수,053-605-8403,1.53,97,A,Quick Win,1200000,0.28,336000,"재량계약, 소액-중소형 타깃, 담당자+연락처, 최근공고"
R26DD20666960,동면 화덕1리 수해복구공사,충청남도 천안시,기타,재량계약,충청남도,이상곤,041-521-5294,1.53,97,A,Quick Win,1200000,0.28,336000,"재량계약, 소액-중소형 타깃, 담당자+연락처, 최근공고"
R26DD20667328,원삼면 두창리 2813번지 일원 수리시설 정비공사,경기도 용인시,기타,재량계약,경기도,이승원,3167,1.47,97,A,Quick Win,1200000,0.28,336000,"재량계약, 소액-중소형 타깃, 담당자+연락처, 최근공고"
R26DD20667073,광역권역별 친환경 농업도시 충전 인프라 조성사업(1권역)구축공사,채비(주),기타,재량계약,경기도,강동협,***********,1.44,97,A,Quick Win,1200000,0.28,336000,"재량계약, 소액-중소형 타깃, 담당자+연락처, 최근공고"
R26DD20666021,군위읍 외량2리 오가지 송수관로 설치공사,대구광역시 군위군,기타,재량계약,대구광역시,장용진,054-380-6372,1.44,97,A,Quick Win,1200000,0.28,336000,"재량계약, 소액-중소형 타깃, 담당자+연락처, 최근공고"
R26DD20667178,북문 남적동 옹벽 설치공사,경상북도 상주시,기타,재량계약,경상북도,채종규,054-537-6132,1.39,97,A,Quick Win,1200000,0.28,336000,"재량계약, 소액-중소형 타깃, 담당자+연락처, 최근공고"
R26DD20666044,소보면 봉소리 상소지 용수로 개체공사,대구광역시 군위군,기타,재량계약,대구광역시,장용진,054-380-6372,1.39,97,A,Quick Win,1200000,0.28,336000,"재량계약, 소액-중소형 타깃, 담당자+연락처, 최근공고"
R26DD20665824,소각로 및 부대시설 세정 공사,대구공공시설관리공단 성서사업처,기타,재량계약,대구광역시,이성수,053-605-8403,1.34,97,A,Quick Win,1200000,0.28,336000,"재량계약, 소액-중소형 타깃, 담당자+연락처, 최근공고"
R26DD20665922,부적면 마구평리 문화마을 보행자길 정비공사,충청남도 논산시,기타,재량계약,충청남도,송영빈,041-746-6275,1.33,97,A,Quick Win,1200000,0.28,336000,"재량계약, 소액-중소형 타깃, 담당자+연락처, 최근공고"
R26DD20667159,공성 이화2리 중리 세천정비공사,경상북도 상주시,기타,재량계약,경상북도,채종규,054-537-6132,1.32,97,A,Quick Win,1200000,0.28,336000,"재량계약, 소액-중소형 타깃, 담당자+연락처, 최근공고"
R26DD20667368,2026년 간판이 아름다운거리 조성사업,경기도 연천군,기타,재량계약,경기도,장준호,031-839-2403,1.3,97,A,Quick Win,1200000,0.28,336000,"재량계약, 소액-중소형 타깃, 담당자+연락처, 최근공고"
R26DD20666797,2026년 상반기 소나무재선충병 방제사업(홍천-3),산림청 북부지방산림청 홍천국유림관리소,기타,재량계약,강원특별자치도,권창호,033-439-5520,1.3,97,A,Quick Win,1200000,0.28,336000,"재량계약, 소액-중소형 타깃, 담당자+연락처, 최근공고"
R26DD20666969,2026년 상반기 소나무재선충병 방제사업(제1차),산림청 북부지방산림청 춘천국유림관리소,기타,재량계약,강원특별자치도,김민수,033-240-9930,1.29,97,A,Quick Win,1200000,0.28,336000,"재량계약, 소액-중소형 타깃, 담당자+연락처, 최근공고"
R26DD20666383,2026 고덕면 호음1리 마을안길 및 세천 정비공사(수해복구),충청남도 예산군,기타,재량계약,충청남도,김지훈,041-339-7687,1.29,97,A,Quick Win,1200000,0.28,336000,"재량계약, 소액-중소형 타깃, 담당자+연락처, 최근공고"
R26DD20666228,선산출장소 주차장 정비공사,경상북도 구미시,기타,재량계약,경상북도,김재현,054-480-5733,1.27,97,A,Quick Win,1200000,0.28,336000,"재량계약, 소액-중소형 타깃, 담당자+연락처, 최근공고"
R26DD20665792,유곡 당동마을 주차장 조성공사,경상남도 의령군,기타,재량계약,경상남도,오민욱,055-570-3634,1.26,97,A,Quick Win,1200000,0.28,336000,"재량계약, 소액-중소형 타깃, 담당자+연락처, 최근공고"
R26DD20665989,2026년 화정1지구 도시공원 녹지관리공사,경기도 고양시,기타,재량계약,경기도,정다혜,031-8075-4319,1.25,97,A,Quick Win,1200000,0.28,336000,"재량계약, 소액-중소형 타깃, 담당자+연락처, 최근공고"
R26DD20666580,삼천육교 보수공사,전북특별자치도 전주시 완산구,기타,재량계약,전북특별자치도,김지영,063-220-5216,1.21,97,A,Quick Win,1200000,0.28,336000,"재량계약, 소액-중소형 타깃, 담당자+연락처, 최근공고"
R26DD20667184,화북 용유리 농로 정비공사,경상북도 상주시,기타,재량계약,경상북도,채종규,054-537-6132,1.2,97,A,Quick Win,1200000,0.28,336000,"재량계약, 소액-중소형 타깃, 담당자+연락처, 최근공고"
R26DD20666246,2026년 녹지대 유지관리 연간단가 공사,서울특별시 동대문구,기타,재량계약,서울특별시,지석원,02-2127-4611,1.2,97,A,Quick Win,1200000,0.28,336000,"재량계약, 소액-중소형 타깃, 담당자+연락처, 최근공고"
R26DD20667327,2026년 상반기 소나무재선충병 방제사업(수종전환),경기도 용인시,기타,재량계약,경기도,김해진,2348,1.2,97,A,Quick Win,1200000,0.28,336000,"재량계약, 소액-중소형 타깃, 담당자+연락처, 최근공고"
R26DD20666185,청도읍연곡천재해복구사업,경상북도 청도군,기타,재량계약,경상북도,전승목,054-370-2332,1.19,97,A,Quick Win,1200000,0.28,336000,"재량계약, 소액-중소형 타깃, 담당자+연락처, 최근공고"
R26DD20666055,자란도 소규모어항시설(방파제) 연장사업,경상남도 고성군,기타,재량계약,경상남도,배기철,055-670-4674,1.17,97,A,Quick Win,1200000,0.28,336000,"재량계약, 소액-중소형 타깃, 담당자+연락처, 최근공고"
R26DD20666069,토진리 504-4번지 일원 배수로 정비공사,경기도 평택시,기타,재량계약,경기도,김민규,031-8024-3661,1.17,97,A,Quick Win,1200000,0.28,336000,"재량계약, 소액-중소형 타깃, 담당자+연락처, 최근공고"
R26DD20667003,[당진]지방도647호 대호지지구 배수시설 정비공사,충청남도 건설본부 건설사업부 북부사무소,기타,재량계약,충청남도,박준열,041-635-7415,1.16,97,A,Quick Win,1200000,0.28,336000,"재량계약, 소액-중소형 타깃, 담당자+연락처, 최근공고"
R26DD20666255,솔가람고 다목적강당 옹벽 신설공사,전라남도교육청 전라남도담양교육지원청,기타,재량계약,전라남도,김광식,061-380-8161,1.14,97,A,Quick Win,1200000,0.28,336000,"재량계약, 소액-중소형 타깃, 담당자+연락처, 최근공고"
R26DD20666347,2026년 두동 공한지 녹지 정비사업,울산광역시 울주군,기타,재량계약,울산광역시,박상미,052-204-1744,1.13,97,A,Quick Win,1200000,0.28,336000,"재량계약, 소액-중소형 타깃, 담당자+연락처, 최근공고"
R26DD20666100,효령면 장기1리 압실보 용수로 개체공사,대구광역시 군위군,기타,재량계약,대구광역시,장용진,054-380-6372,1.1,97,A,Quick Win,1200000,0.28,336000,"재량계약, 소액-중소형 타깃, 담당자+연락처, 최근공고"
R26DD20666300,2026년 숲가꾸기(봉평 1차)사업,산림청 동부지방산림청 평창국유림관리소,기타,재량계약,강원특별자치도,오규상,033-330-4013,1.03,97,A,Quick Win,1200000,0.28,336000,"재량계약, 소액-중소형 타깃, 담당자+연락처, 최근공고"
R26DD20667225,맨발길 조성사업(오산산들근린공원 외 1),경기도 양주시,기타,재량계약,경기도,정찬호,031-8082-7311,1.02,97,A,Quick Win,1200000,0.28,336000,"재량계약, 소액-중소형 타깃, 담당자+연락처, 최근공고"
R26DD20665993,2026년 화정2지구 도시공원 녹지관리공사,경기도 고양시,기타,재량계약,경기도,정다혜,031-8075-4319,1.02,97,A,Quick Win,1200000,0.28,336000,"재량계약, 소액-중소형 타깃, 담당자+연락처, 최근공고"
R26DD20667380,흥덕구 노후 보안등 LED 교체공사,충청북도 청주시 흥덕구,기타,재량계약,충청북도,홍명기,043-201-7355,1.0,97,A,Quick Win,1200000,0.28,336000,"재량계약, 소액-중소형 타깃, 담당자+연락처, 최근공고"
R26DD20666971,북면 오곡1리 수해복구공사,충청남도 천안시,기타,재량계약,충청남도,이상곤,041-521-5492,1.0,97,A,Quick Win,1200000,0.28,336000,"재량계약, 소액-중소형 타깃, 담당자+연락처, 최근공고"
R26DD20666223,무을면 무이리 세천정비공사,경상북도 구미시,기타,재량계약,경상북도,김재현,054-480-5733,1.0,97,A,Quick Win,1200000,0.28,336000,"재량계약, 소액-중소형 타깃, 담당자+연락처, 최근공고"
R26DD20666048,강화군 축구장 인조잔디 하부 레벨링 및 다짐공사,인천광역시 강화군,기타,재량계약,인천광역시,문화체육시설팀,032-930-3923,1.0,97,A,Quick Win,1200000,0.28,336000,"재량계약, 소액-중소형 타깃, 담당자+연락처, 최근공고"
R26DD20667152,마음에온 아라 지반보강 공사,제주특별자치도개발공사,기타,재량계약,제주특별자치도,강영근,064-780-3441,1.0,97,A,Quick Win,1200000,0.28,336000,"재량계약, 소액-중소형 타깃, 담당자+연락처, 최근공고"
R26DD20665657,2026년 운정지역 잔디생육개선 연간단가공사(운정-2구역),경기도 파주시,기타,재량계약,경기도,김연경,031-940-8694,1.0,97,A,Quick Win,1200000,0.28,336000,"재량계약, 소액-중소형 타깃, 담당자+연락처, 최근공고"
